Observed  Wavelength  Vac (nm),Unc.  (nm),Ritz  Wavelength  Vac (nm),Rel.  Int. (?),Aki (s−1),Acc.,Ei  (cm−1),,Ek  (cm−1),"Lower Level  Conf., Term, J","Lower Level  Conf., Term, J","Lower Level  Conf., Term, J","Upper Level  Conf., Term, J","Upper Level  Conf., Term, J","Upper Level  Conf., Term, J",Type,TPRef.,LineRef.
191.36661,0.00020,191.36662+,1700,,,0.000,-,52 255.717,6p3,4S°,3/2,6p<sup>2</sup>(<sup>3</sup>P<sub>0</sub>)9s,2[0],1/2,,,https://physics.nist.gov/cgi-bin/ASBib1/get_ASBib_ref.cgi?db=el&amp;db_id=9843&amp;comment_code=&amp;element=Bi&amp;spectr_charge=1&amp;ref=9843&amp;type=
195.47059,0.00020,195.47096+,16000,5.86e+07,B,0.000,-,51 158.494,6p3,4S°,3/2,6p<sup>2</sup>(<sup>3</sup>P<sub>0</sub>)7d,2[2],5/2,,https://physics.nist.gov/cgi-bin/ASBib1/get_ASBib_ref.cgi?db=tp&amp;db_id=6498&amp;comment_code=&amp;element=Bi&amp;spectr_charge=1&amp;ref=6498&amp;type=,https://physics.nist.gov/cgi-bin/ASBib1/get_ASBib_ref.cgi?db=el&amp;db_id=9843&amp;comment_code=&amp;element=Bi&amp;spectr_charge=1&amp;ref=9843&amp;type=
196.00491,0.00020,196.00506+,4200,1.54e+07,C+,0.000,-,51 019.090,6p3,4S°,3/2,6p<sup>2</sup>(<sup>3</sup>P<sub>0</sub>)7d,2[2],3/2,,https://physics.nist.gov/cgi-bin/ASBib1/get_ASBib_ref.cgi?db=tp&amp;db_id=6498&amp;comment_code=&amp;element=Bi&amp;spectr_charge=1&amp;ref=6498&amp;type=,https://physics.nist.gov/cgi-bin/ASBib1/get_ASBib_ref.cgi?db=el&amp;db_id=9843&amp;comment_code=&amp;element=Bi&amp;spectr_charge=1&amp;ref=9843&amp;type=
202.11493,0.00020,202.11469+,3300,5.79e+06,C+,0.000,-,49 460.910,6p3,4S°,3/2,6p<sup>2</sup>(<sup>3</sup>P<sub>2</sub>)7s,2[2],3/2,,https://physics.nist.gov/cgi-bin/ASBib1/get_ASBib_ref.cgi?db=tp&amp;db_id=3401&amp;comment_code=&amp;element=Bi&amp;spectr_charge=1&amp;ref=3401&amp;type=,https://physics.nist.gov/cgi-bin/ASBib1/get_ASBib_ref.cgi?db=el&amp;db_id=9843&amp;comment_code=&amp;element=Bi&amp;spectr_charge=1&amp;ref=9843&amp;type=
206.16336,0.00020,206.16272+,42000,9.62e+07,B,0.000,-,48 489.869,6p3,4S°,3/2,6p<sup>2</sup>(<sup>3</sup>P<sub>2</sub>)7s,2[2],5/2,,https://physics.nist.gov/cgi-bin/ASBib1/get_ASBib_ref.cgi?db=tp&amp;db_id=6498&amp;comment_code=&amp;element=Bi&amp;spectr_charge=1&amp;ref=6498&amp;type=,https://physics.nist.gov/cgi-bin/ASBib1/get_ASBib_ref.cgi?db=el&amp;db_id=9843&amp;comment_code=&amp;element=Bi&amp;spectr_charge=1&amp;ref=9843&amp;type=
211.02175,0.00020,211.02172+,10000,9.04e+07,B,0.000,-,47 373.477,6p3,4S°,3/2,6p<sup>2</sup>(<sup>3</sup>P<sub>0</sub>)8s,2[0],1/2,,https://physics.nist.gov/cgi-bin/ASBib1/get_ASBib_ref.cgi?db=tp&amp;db_id=3401&amp;comment_code=&amp;element=Bi&amp;spectr_charge=1&amp;ref=3401&amp;type=,https://physics.nist.gov/cgi-bin/ASBib1/get_ASBib_ref.cgi?db=el&amp;db_id=9843&amp;comment_code=&amp;element=Bi&amp;spectr_charge=1&amp;ref=9843&amp;type=
213.35999,0.00020,213.35960+,1900,,,11 419.039,-,58 273.483,6p3,2D°,3/2,6p<sup>2</sup>(<sup>3</sup>P<sub>1</sub>)6d,5827,3/2,,,https://physics.nist.gov/cgi-bin/ASBib1/get_ASBib_ref.cgi?db=el&amp;db_id=9843&amp;comment_code=&amp;element=Bi&amp;spectr_charge=1&amp;ref=9843&amp;type=
217.72127,0.00020,217.72135+,260hfs,2.6e+06,D+,0.000,-,45 915.883,6p3,4S°,3/2,6p<sup>2</sup>(<sup>3</sup>P<sub>1</sub>)7s,2[1],1/2,,https://physics.nist.gov/cgi-bin/ASBib1/get_ASBib_ref.cgi?db=tp&amp;db_id=3401&amp;comment_code=&amp;element=Bi&amp;spectr_charge=1&amp;ref=3401&amp;type=,https://physics.nist.gov/cgi-bin/ASBib1/get_ASBib_ref.cgi?db=el&amp;db_id=9843&amp;comment_code=&amp;element=Bi&amp;spectr_charge=1&amp;ref=9843&amp;type=
222.82092,0.00020,222.82124+,37000,8.8e+07,C+,0.000,-,44 865.076,6p3,4S°,3/2,6p<sup>2</sup>(<sup>3</sup>P<sub>1</sub>)7s,2[1],3/2,,https://physics.nist.gov/cgi-bin/ASBib1/get_ASBib_ref.cgi?db=tp&amp;db_id=6498&amp;comment_code=&amp;element=Bi&amp;spectr_charge=1&amp;ref=6498&amp;type=,https://physics.nist.gov/cgi-bin/ASBib1/get_ASBib_ref.cgi?db=el&amp;db_id=9843&amp;comment_code=&amp;element=Bi&amp;spectr_charge=1&amp;ref=9843&amp;type=
223.06088,0.00020,223.06108+,140000,2.34e+08,C+,0.000,-,44 816.841,6p3,4S°,3/2,6p<sup>2</sup>(<sup>3</sup>P<sub>0</sub>)6d,2[2],5/2,,https://physics.nist.gov/cgi-bin/ASBib1/get_ASBib_ref.cgi?db=tp&amp;db_id=6498&amp;comment_code=&amp;element=Bi&amp;spectr_charge=1&amp;ref=6498&amp;type=,https://physics.nist.gov/cgi-bin/ASBib1/get_ASBib_ref.cgi?db=el&amp;db_id=9843&amp;comment_code=&amp;element=Bi&amp;spectr_charge=1&amp;ref=9843&amp;type=
227.65579,0.00020,227.65592+,31000,2.36e+07,B,0.000,-,43 912.374,6p3,4S°,3/2,6p<sup>2</sup>(<sup>3</sup>P<sub>0</sub>)6d,2[2],3/2,,https://physics.nist.gov/cgi-bin/ASBib1/get_ASBib_ref.cgi?db=tp&amp;db_id=6498&amp;comment_code=&amp;element=Bi&amp;spectr_charge=1&amp;ref=6498&amp;type=,https://physics.nist.gov/cgi-bin/ASBib1/get_ASBib_ref.cgi?db=el&amp;db_id=9843&amp;comment_code=&amp;element=Bi&amp;spectr_charge=1&amp;ref=9843&amp;type=
240.0881,0.0010,240.0881+,8000,5.8e+07,C+,15 437.501,-,57 076.20,6p3,2D°,5/2,6p<sup>2</sup>(<sup>3</sup>P<sub>1</sub>)6d,5707,5/2,,https://physics.nist.gov/cgi-bin/ASBib1/get_ASBib_ref.cgi?db=tp&amp;db_id=4088&amp;comment_code=&amp;element=Bi&amp;spectr_charge=1&amp;ref=4088&amp;type=,https://physics.nist.gov/cgi-bin/ASBib1/get_ASBib_ref.cgi?db=el&amp;db_id=9843&amp;comment_code=&amp;element=Bi&amp;spectr_charge=1&amp;ref=9843&amp;type=
251.56326,0.00020,251.56336+,500,2.13e+06,C,11 419.039,-,51 158.494,6p3,2D°,3/2,6p<sup>2</sup>(<sup>3</sup>P<sub>0</sub>)7d,2[2],5/2,,https://physics.nist.gov/cgi-bin/ASBib1/get_ASBib_ref.cgi?db=tp&amp;db_id=6498&amp;comment_code=&amp;element=Bi&amp;spectr_charge=1&amp;ref=6498&amp;type=,https://physics.nist.gov/cgi-bin/ASBib1/get_ASBib_ref.cgi?db=el&amp;db_id=9843&amp;comment_code=&amp;element=Bi&amp;spectr_charge=1&amp;ref=9843&amp;type=
252.44907,0.00020,252.44900+,1600,8.6e+06,C+,11 419.039,-,51 019.090,6p3,2D°,3/2,6p<sup>2</sup>(<sup>3</sup>P<sub>0</sub>)7d,2[2],3/2,,https://physics.nist.gov/cgi-bin/ASBib1/get_ASBib_ref.cgi?db=tp&amp;db_id=6498&amp;comment_code=&amp;element=Bi&amp;spectr_charge=1&amp;ref=6498&amp;type=,https://physics.nist.gov/cgi-bin/ASBib1/get_ASBib_ref.cgi?db=el&amp;db_id=9843&amp;comment_code=&amp;element=Bi&amp;spectr_charge=1&amp;ref=9843&amp;type=
262.79044,0.00020,262.78988+,16000,4.56e+07,B,11 419.039,-,49 460.910,6p3,2D°,3/2,6p<sup>2</sup>(<sup>3</sup>P<sub>2</sub>)7s,2[2],3/2,,https://physics.nist.gov/cgi-bin/ASBib1/get_ASBib_ref.cgi?db=tp&amp;db_id=3401&amp;comment_code=&amp;element=Bi&amp;spectr_charge=1&amp;ref=3401&amp;type=,https://physics.nist.gov/cgi-bin/ASBib1/get_ASBib_ref.cgi?db=el&amp;db_id=9843&amp;comment_code=&amp;element=Bi&amp;spectr_charge=1&amp;ref=9843&amp;type=
269.6748,0.0010,269.67385+,5000,6.2e+06,C+,11 419.039,-,48 489.869,6p3,2D°,3/2,6p<sup>2</sup>(<sup>3</sup>P<sub>2</sub>)7s,2[2],5/2,,https://physics.nist.gov/cgi-bin/ASBib1/get_ASBib_ref.cgi?db=tp&amp;db_id=6498&amp;comment_code=&amp;element=Bi&amp;spectr_charge=1&amp;ref=6498&amp;type=,https://physics.nist.gov/cgi-bin/ASBib1/get_ASBib_ref.cgi?db=el&amp;db_id=9843&amp;comment_code=&amp;element=Bi&amp;spectr_charge=1&amp;ref=9843&amp;type=
273.04918,0.00020,273.04941+,1700hfs,2.02e+07,C+,21 660.914,-,58 273.483,6p3,2P°,1/2,6p<sup>2</sup>(<sup>3</sup>P<sub>1</sub>)6d,5827,3/2,,https://physics.nist.gov/cgi-bin/ASBib1/get_ASBib_ref.cgi?db=tp&amp;db_id=4088&amp;comment_code=&amp;element=Bi&amp;spectr_charge=1&amp;ref=4088&amp;type=,https://physics.nist.gov/cgi-bin/ASBib1/get_ASBib_ref.cgi?db=el&amp;db_id=9843&amp;comment_code=&amp;element=Bi&amp;spectr_charge=1&amp;ref=9843&amp;type=
278.04764,0.00020,278.04773+,5000,3.09e+07,B,11 419.039,-,47 373.477,6p3,2D°,3/2,6p<sup>2</sup>(<sup>3</sup>P<sub>0</sub>)8s,2[0],1/2,,https://physics.nist.gov/cgi-bin/ASBib1/get_ASBib_ref.cgi?db=tp&amp;db_id=3401&amp;comment_code=&amp;element=Bi&amp;spectr_charge=1&amp;ref=3401&amp;type=,https://physics.nist.gov/cgi-bin/ASBib1/get_ASBib_ref.cgi?db=el&amp;db_id=9843&amp;comment_code=&amp;element=Bi&amp;spectr_charge=1&amp;ref=9843&amp;type=
279.8649,0.0010,279.86493+,120,1.75e+06,D+,15 437.501,-,51 158.494,6p3,2D°,5/2,6p<sup>2</sup>(<sup>3</sup>P<sub>0</sub>)7d,2[2],5/2,,https://physics.nist.gov/cgi-bin/ASBib1/get_ASBib_ref.cgi?db=tp&amp;db_id=6498&amp;comment_code=&amp;element=Bi&amp;spectr_charge=1&amp;ref=6498&amp;type=,https://physics.nist.gov/cgi-bin/ASBib1/get_ASBib_ref.cgi?db=el&amp;db_id=9843&amp;comment_code=&amp;element=Bi&amp;spectr_charge=1&amp;ref=9843&amp;type=
280.96153,0.00020,280.96146+,2500,1.34e+07,C+,15 437.501,-,51 019.090,6p3,2D°,5/2,6p<sup>2</sup>(<sup>3</sup>P<sub>0</sub>)7d,2[2],3/2,,https://physics.nist.gov/cgi-bin/ASBib1/get_ASBib_ref.cgi?db=tp&amp;db_id=6498&amp;comment_code=&amp;element=Bi&amp;spectr_charge=1&amp;ref=6498&amp;type=,https://physics.nist.gov/cgi-bin/ASBib1/get_ASBib_ref.cgi?db=el&amp;db_id=9843&amp;comment_code=&amp;element=Bi&amp;spectr_charge=1&amp;ref=9843&amp;type=
286.37868,0.00020,286.3787+,350hfs,1.07e+07,C+,21 660.914,-,56 569.46,6p3,2P°,1/2,6p<sup>2</sup>(<sup>3</sup>P<sub>1</sub>)6d,5657,3/2,,https://physics.nist.gov/cgi-bin/ASBib1/get_ASBib_ref.cgi?db=tp&amp;db_id=4088&amp;comment_code=&amp;element=Bi&amp;spectr_charge=1&amp;ref=4088&amp;type=,https://physics.nist.gov/cgi-bin/ASBib1/get_ASBib_ref.cgi?db=el&amp;db_id=9843&amp;comment_code=&amp;element=Bi&amp;spectr_charge=1&amp;ref=9843&amp;type=
289.79644,0.00020,289.79666+,41000,1.53e+08,B,11 419.039,-,45 915.883,6p3,2D°,3/2,6p<sup>2</sup>(<sup>3</sup>P<sub>1</sub>)7s,2[1],1/2,,https://physics.nist.gov/cgi-bin/ASBib1/get_ASBib_ref.cgi?db=tp&amp;db_id=3401&amp;comment_code=&amp;element=Bi&amp;spectr_charge=1&amp;ref=3401&amp;type=,https://physics.nist.gov/cgi-bin/ASBib1/get_ASBib_ref.cgi?db=el&amp;db_id=9843&amp;comment_code=&amp;element=Bi&amp;spectr_charge=1&amp;ref=9843&amp;type=
293.82969,0.00020,293.82936+,28000hfs,1.20e+08,B,15 437.501,-,49 460.910,6p3,2D°,5/2,6p<sup>2</sup>(<sup>3</sup>P<sub>2</sub>)7s,2[2],3/2,,https://physics.nist.gov/cgi-bin/ASBib1/get_ASBib_ref.cgi?db=tp&amp;db_id=3401&amp;comment_code=&amp;element=Bi&amp;spectr_charge=1&amp;ref=3401&amp;type=,https://physics.nist.gov/cgi-bin/ASBib1/get_ASBib_ref.cgi?db=el&amp;db_id=9843&amp;comment_code=&amp;element=Bi&amp;spectr_charge=1&amp;ref=9843&amp;type=
298.9004,0.0010,298.90190+,28000,5.4e+07,C+,11 419.039,-,44 865.076,6p3,2D°,3/2,6p<sup>2</sup>(<sup>3</sup>P<sub>1</sub>)7s,2[1],3/2,,https://physics.nist.gov/cgi-bin/ASBib1/get_ASBib_ref.cgi?db=tp&amp;db_id=6498&amp;comment_code=&amp;element=Bi&amp;spectr_charge=1&amp;ref=6498&amp;type=,https://physics.nist.gov/cgi-bin/ASBib1/get_ASBib_ref.cgi?db=el&amp;db_id=9843&amp;comment_code=&amp;element=Bi&amp;spectr_charge=1&amp;ref=9843&amp;type=
299.3327,0.0010,299.33360+,6000,1.45e+07,C+,11 419.039,-,44 816.841,6p3,2D°,3/2,6p<sup>2</sup>(<sup>3</sup>P<sub>0</sub>)6d,2[2],5/2,,https://physics.nist.gov/cgi-bin/ASBib1/get_ASBib_ref.cgi?db=tp&amp;db_id=6498&amp;comment_code=&amp;element=Bi&amp;spectr_charge=1&amp;ref=6498&amp;type=,https://physics.nist.gov/cgi-bin/ASBib1/get_ASBib_ref.cgi?db=el&amp;db_id=9843&amp;comment_code=&amp;element=Bi&amp;spectr_charge=1&amp;ref=9843&amp;type=
302.4618,0.0010,302.46211+,34000,8.62e+07,B,15 437.501,-,48 489.869,6p3,2D°,5/2,6p<sup>2</sup>(<sup>3</sup>P<sub>2</sub>)7s,2[2],5/2,,https://physics.nist.gov/cgi-bin/ASBib1/get_ASBib_ref.cgi?db=tp&amp;db_id=6498&amp;comment_code=&amp;element=Bi&amp;spectr_charge=1&amp;ref=6498&amp;type=,https://physics.nist.gov/cgi-bin/ASBib1/get_ASBib_ref.cgi?db=el&amp;db_id=9843&amp;comment_code=&amp;element=Bi&amp;spectr_charge=1&amp;ref=9843&amp;type=
303.487,0.002,,600,,,,,,,,,,,,,,https://physics.nist.gov/cgi-bin/ASBib1/get_ASBib_ref.cgi?db=el&amp;db_id=3475&amp;comment_code=&amp;element=Bi&amp;spectr_charge=1&amp;ref=3475&amp;type=
306.76991,0.00020,306.77019+,230000hfs,1.67e+08,B,0.000,-,32 588.221,6p3,4S°,3/2,6p<sup>2</sup>(<sup>3</sup>P<sub>0</sub>)7s,2[0],1/2,,https://physics.nist.gov/cgi-bin/ASBib1/get_ASBib_ref.cgi?db=tp&amp;db_id=6498&amp;comment_code=&amp;element=Bi&amp;spectr_charge=1&amp;ref=6498&amp;type=,https://physics.nist.gov/cgi-bin/ASBib1/get_ASBib_ref.cgi?db=el&amp;db_id=9843&amp;comment_code=&amp;element=Bi&amp;spectr_charge=1&amp;ref=9843&amp;type=
307.6654,0.0010,307.66604+,3000,3.31e+06,C+,11 419.039,-,43 912.374,6p3,2D°,3/2,6p<sup>2</sup>(<sup>3</sup>P<sub>0</sub>)6d,2[2],3/2,,https://physics.nist.gov/cgi-bin/ASBib1/get_ASBib_ref.cgi?db=tp&amp;db_id=6498&amp;comment_code=&amp;element=Bi&amp;spectr_charge=1&amp;ref=6498&amp;type=,https://physics.nist.gov/cgi-bin/ASBib1/get_ASBib_ref.cgi?db=el&amp;db_id=9843&amp;comment_code=&amp;element=Bi&amp;spectr_charge=1&amp;ref=9843&amp;type=
339.7198,0.0020,339.71983+,7000,1.79e+07,C,15 437.501,-,44 865.076,6p3,2D°,5/2,6p<sup>2</sup>(<sup>3</sup>P<sub>1</sub>)7s,2[1],3/2,,https://physics.nist.gov/cgi-bin/ASBib1/get_ASBib_ref.cgi?db=tp&amp;db_id=6498&amp;comment_code=&amp;element=Bi&amp;spectr_charge=1&amp;ref=6498&amp;type=,https://physics.nist.gov/cgi-bin/ASBib1/get_ASBib_ref.cgi?db=el&amp;db_id=3475&amp;comment_code=&amp;element=Bi&amp;spectr_charge=1&amp;ref=3475&amp;type=
340.280,0.009,340.27760+,900,1.50e+06,C,15 437.501,-,44 816.841,6p3,2D°,5/2,6p<sup>2</sup>(<sup>3</sup>P<sub>0</sub>)6d,2[2],5/2,,https://physics.nist.gov/cgi-bin/ASBib1/get_ASBib_ref.cgi?db=tp&amp;db_id=6498&amp;comment_code=&amp;element=Bi&amp;spectr_charge=1&amp;ref=6498&amp;type=,https://physics.nist.gov/cgi-bin/ASBib1/get_ASBib_ref.cgi?db=el&amp;db_id=7593&amp;comment_code=&amp;element=Bi&amp;spectr_charge=1&amp;ref=7593&amp;type=
340.533,0.010,340.52291+,1700,6.4e+06,D+,21 660.914,-,51 019.090,6p3,2P°,1/2,6p<sup>2</sup>(<sup>3</sup>P<sub>0</sub>)7d,2[2],3/2,,https://physics.nist.gov/cgi-bin/ASBib1/get_ASBib_ref.cgi?db=tp&amp;db_id=6498&amp;comment_code=&amp;element=Bi&amp;spectr_charge=1&amp;ref=6498&amp;type=,https://physics.nist.gov/cgi-bin/ASBib1/get_ASBib_ref.cgi?db=el&amp;db_id=7585&amp;comment_code=&amp;element=Bi&amp;spectr_charge=1&amp;ref=7585&amp;type=
351.0864,0.0020,351.08640+,6000,6.5e+06,C+,15 437.501,-,43 912.374,6p3,2D°,5/2,6p<sup>2</sup>(<sup>3</sup>P<sub>0</sub>)6d,2[2],3/2,,https://physics.nist.gov/cgi-bin/ASBib1/get_ASBib_ref.cgi?db=tp&amp;db_id=6498&amp;comment_code=&amp;element=Bi&amp;spectr_charge=1&amp;ref=6498&amp;type=,https://physics.nist.gov/cgi-bin/ASBib1/get_ASBib_ref.cgi?db=el&amp;db_id=3475&amp;comment_code=&amp;element=Bi&amp;spectr_charge=1&amp;ref=3475&amp;type=
359.611,0.002,359.60967+,2700,1.93e+07,C+,21 660.914,-,49 460.910,6p3,2P°,1/2,6p<sup>2</sup>(<sup>3</sup>P<sub>2</sub>)7s,2[2],3/2,,https://physics.nist.gov/cgi-bin/ASBib1/get_ASBib_ref.cgi?db=tp&amp;db_id=3401&amp;comment_code=&amp;element=Bi&amp;spectr_charge=1&amp;ref=3401&amp;type=,https://physics.nist.gov/cgi-bin/ASBib1/get_ASBib_ref.cgi?db=el&amp;db_id=3475&amp;comment_code=&amp;element=Bi&amp;spectr_charge=1&amp;ref=3475&amp;type=
388.817,0.010,388.80477+,800,4.1e+06,D+,21 660.914,-,47 373.477,6p3,2P°,1/2,6p<sup>2</sup>(<sup>3</sup>P<sub>0</sub>)8s,2[0],1/2,,https://physics.nist.gov/cgi-bin/ASBib1/get_ASBib_ref.cgi?db=tp&amp;db_id=6498&amp;comment_code=&amp;element=Bi&amp;spectr_charge=1&amp;ref=6498&amp;type=,https://physics.nist.gov/cgi-bin/ASBib1/get_ASBib_ref.cgi?db=el&amp;db_id=7585&amp;comment_code=&amp;element=Bi&amp;spectr_charge=1&amp;ref=7585&amp;type=
412.1704,0.0004,412.17037+,2600,1.64e+07,C+,21 660.914,-,45 915.883,6p3,2P°,1/2,6p<sup>2</sup>(<sup>3</sup>P<sub>1</sub>)7s,2[1],1/2,,https://physics.nist.gov/cgi-bin/ASBib1/get_ASBib_ref.cgi?db=tp&amp;db_id=3401&amp;comment_code=&amp;element=Bi&amp;spectr_charge=1&amp;ref=3401&amp;type=,https://physics.nist.gov/cgi-bin/ASBib1/get_ASBib_ref.cgi?db=el&amp;db_id=6416&amp;comment_code=&amp;element=Bi&amp;spectr_charge=1&amp;ref=6416&amp;type=
430.8360,0.0005,430.8360+,700,1.6e+06,D,21 660.914,-,44 865.076,6p3,2P°,1/2,6p<sup>2</sup>(<sup>3</sup>P<sub>1</sub>)7s,2[1],3/2,,https://physics.nist.gov/cgi-bin/ASBib1/get_ASBib_ref.cgi?db=tp&amp;db_id=6498&amp;comment_code=&amp;element=Bi&amp;spectr_charge=1&amp;ref=6498&amp;type=,https://physics.nist.gov/cgi-bin/ASBib1/get_ASBib_ref.cgi?db=el&amp;db_id=6416&amp;comment_code=&amp;element=Bi&amp;spectr_charge=1&amp;ref=6416&amp;type=
449.301,0.010,449.2827+,1900,1.43e+06,D+,21 660.914,-,43 912.374,6p3,2P°,1/2,6p<sup>2</sup>(<sup>3</sup>P<sub>0</sub>)6d,2[2],3/2,,https://physics.nist.gov/cgi-bin/ASBib1/get_ASBib_ref.cgi?db=tp&amp;db_id=6498&amp;comment_code=&amp;element=Bi&amp;spectr_charge=1&amp;ref=6498&amp;type=,https://physics.nist.gov/cgi-bin/ASBib1/get_ASBib_ref.cgi?db=el&amp;db_id=7585&amp;comment_code=&amp;element=Bi&amp;spectr_charge=1&amp;ref=7585&amp;type=
472.2528,0.0004,472.2527+,11000,9.4e+06,B,11 419.039,-,32 588.221,6p3,2D°,3/2,6p<sup>2</sup>(<sup>3</sup>P<sub>0</sub>)7s,2[0],1/2,,https://physics.nist.gov/cgi-bin/ASBib1/get_ASBib_ref.cgi?db=tp&amp;db_id=6498&amp;comment_code=&amp;element=Bi&amp;spectr_charge=1&amp;ref=6498&amp;type=,https://physics.nist.gov/cgi-bin/ASBib1/get_ASBib_ref.cgi?db=el&amp;db_id=6416&amp;comment_code=&amp;element=Bi&amp;spectr_charge=1&amp;ref=6416&amp;type=
555.2050,0.0006,555.2049+,500,,,32 588.221,-,50 594.588,6p2(3P0)7s,2[0],1/2,6p<sup>2</sup>(<sup>3</sup>P<sub>0</sub>)8p,2[1]°,3/2,,,https://physics.nist.gov/cgi-bin/ASBib1/get_ASBib_ref.cgi?db=el&amp;db_id=6416&amp;comment_code=&amp;element=Bi&amp;spectr_charge=1&amp;ref=6416&amp;type=
559.9342,0.0008,559.9342+,40,,,33 164.805,-,51 019.090,6p3,2P°,3/2,6p<sup>2</sup>(<sup>3</sup>P<sub>0</sub>)7d,2[2],3/2,,,https://physics.nist.gov/cgi-bin/ASBib1/get_ASBib_ref.cgi?db=el&amp;db_id=6416&amp;comment_code=&amp;element=Bi&amp;spectr_charge=1&amp;ref=6416&amp;type=
574.2361,0.0007,574.2360+,140,,,32 588.221,-,49 997.834,6p2(3P0)7s,2[0],1/2,6p<sup>2</sup>(<sup>3</sup>P<sub>0</sub>)8p,2[1]°,1/2,,,https://physics.nist.gov/cgi-bin/ASBib1/get_ASBib_ref.cgi?db=el&amp;db_id=6416&amp;comment_code=&amp;element=Bi&amp;spectr_charge=1&amp;ref=6416&amp;type=
613.482,0.012,613.4738+,60,1.74e+06,D+,33 164.805,-,49 460.910,6p3,2P°,3/2,6p<sup>2</sup>(<sup>3</sup>P<sub>2</sub>)7s,2[2],3/2,,https://physics.nist.gov/cgi-bin/ASBib1/get_ASBib_ref.cgi?db=tp&amp;db_id=3401&amp;comment_code=&amp;element=Bi&amp;spectr_charge=1&amp;ref=3401&amp;type=,https://physics.nist.gov/cgi-bin/ASBib1/get_ASBib_ref.cgi?db=el&amp;db_id=7394&amp;comment_code=&amp;element=Bi&amp;spectr_charge=1&amp;ref=7394&amp;type=
647.624,0.012,,16,,,,,,,,,,,,,,https://physics.nist.gov/cgi-bin/ASBib1/get_ASBib_ref.cgi?db=el&amp;db_id=7394&amp;comment_code=&amp;element=Bi&amp;spectr_charge=1&amp;ref=7394&amp;type=
699.0924,0.0010,699.0924+,10,,,41 124.985,-,55 425.301,6p2(3P0)7p,2[1]°,1/2,6p<sup>2</sup>(<sup>3</sup>P<sub>0</sub>)9d,2[2],3/2,,,https://physics.nist.gov/cgi-bin/ASBib1/get_ASBib_ref.cgi?db=el&amp;db_id=6416&amp;comment_code=&amp;element=Bi&amp;spectr_charge=1&amp;ref=6416&amp;type=
703.6026,0.0015,703.6015+,4,,,33 164.805,-,47 373.477,6p3,2P°,3/2,6p<sup>2</sup>(<sup>3</sup>P<sub>0</sub>)8s,2[0],1/2,,,https://physics.nist.gov/cgi-bin/ASBib1/get_ASBib_ref.cgi?db=el&amp;db_id=6416&amp;comment_code=&amp;element=Bi&amp;spectr_charge=1&amp;ref=6416&amp;type=
750.233,0.017,,3,,,,,,,,,,,,,,https://physics.nist.gov/cgi-bin/ASBib1/get_ASBib_ref.cgi?db=el&amp;db_id=7394&amp;comment_code=&amp;element=Bi&amp;spectr_charge=1&amp;ref=7394&amp;type=
783.8617,0.0010,783.8616+,19,,,41 124.985,-,53 878.830,6p2(3P0)7p,2[1]°,1/2,6p<sup>2</sup>(<sup>3</sup>P<sub>0</sub>)8d,2[2],3/2,,,https://physics.nist.gov/cgi-bin/ASBib1/get_ASBib_ref.cgi?db=el&amp;db_id=6416&amp;comment_code=&amp;element=Bi&amp;spectr_charge=1&amp;ref=6416&amp;type=
784.0316,0.0012,784.0317+,2,,,33 164.805,-,45 915.883,6p3,2P°,3/2,6p<sup>2</sup>(<sup>3</sup>P<sub>1</sub>)7s,2[1],1/2,,,https://physics.nist.gov/cgi-bin/ASBib1/get_ASBib_ref.cgi?db=el&amp;db_id=6416&amp;comment_code=&amp;element=Bi&amp;spectr_charge=1&amp;ref=6416&amp;type=
854.4462,0.0016,854.4463+,4,,,33 164.805,-,44 865.076,6p3,2P°,3/2,6p<sup>2</sup>(<sup>3</sup>P<sub>1</sub>)7s,2[1],3/2,,,https://physics.nist.gov/cgi-bin/ASBib1/get_ASBib_ref.cgi?db=el&amp;db_id=6416&amp;comment_code=&amp;element=Bi&amp;spectr_charge=1&amp;ref=6416&amp;type=
857.9835,0.0016,857.9834+,3,,,33 164.805,-,44 816.841,6p3,2P°,3/2,6p<sup>2</sup>(<sup>3</sup>P<sub>0</sub>)6d,2[2],5/2,,,https://physics.nist.gov/cgi-bin/ASBib1/get_ASBib_ref.cgi?db=el&amp;db_id=6416&amp;comment_code=&amp;element=Bi&amp;spectr_charge=1&amp;ref=6416&amp;type=
875.4906,0.0009,875.4900+,1,2.25e+01,B+,0.000,-,11 419.039,6p3,4S°,3/2,6p<sup>3</sup>,2D°,3/2,M1,https://physics.nist.gov/cgi-bin/ASBib1/get_ASBib_ref.cgi?db=tp&amp;db_id=4260&amp;comment_code=&amp;element=Bi&amp;spectr_charge=1&amp;ref=4260&amp;type=M1,https://physics.nist.gov/cgi-bin/ASBib1/get_ASBib_ref.cgi?db=el&amp;db_id=6416&amp;comment_code=&amp;element=Bi&amp;spectr_charge=1&amp;ref=6416&amp;type=M1
876.1321,0.0008,876.1319+,28,,,44 865.076,-,56 275.749,6p2(3P1)7s,2[1],3/2,6p<sup>2</sup>(<sup>3</sup>P<sub>1</sub>)7p,2[1]°,1/2,,,https://physics.nist.gov/cgi-bin/ASBib1/get_ASBib_ref.cgi?db=el&amp;db_id=6416&amp;comment_code=&amp;element=Bi&amp;spectr_charge=1&amp;ref=6416&amp;type=
890.7664,0.0005,890.7663+,46,,,44 865.076,-,56 088.284,6p2(3P1)7s,2[1],3/2,6p<sup>2</sup>(<sup>3</sup>P<sub>1</sub>)7p,2[1]°,3/2,,,https://physics.nist.gov/cgi-bin/ASBib1/get_ASBib_ref.cgi?db=el&amp;db_id=6416&amp;comment_code=&amp;element=Bi&amp;spectr_charge=1&amp;ref=6416&amp;type=
965.7045,0.0005,965.7042+,200,,,32 588.221,-,42 940.519,6p2(3P0)7s,2[0],1/2,6p<sup>2</sup>(<sup>3</sup>P<sub>0</sub>)7p,2[1]°,3/2,,,https://physics.nist.gov/cgi-bin/ASBib1/get_ASBib_ref.cgi?db=el&amp;db_id=6416&amp;comment_code=&amp;element=Bi&amp;spectr_charge=1&amp;ref=6416&amp;type=
982.7832,0.0006,982.7826+,30,,,45 915.883,-,56 088.284,6p2(3P1)7s,2[1],1/2,6p<sup>2</sup>(<sup>3</sup>P<sub>1</sub>)7p,2[1]°,3/2,,,https://physics.nist.gov/cgi-bin/ASBib1/get_ASBib_ref.cgi?db=el&amp;db_id=6416&amp;comment_code=&amp;element=Bi&amp;spectr_charge=1&amp;ref=6416&amp;type=
1 010.4260,0.0006,1 010.4259+,10,,,41 124.985,-,51 019.090,6p2(3P0)7p,2[1]°,1/2,6p<sup>2</sup>(<sup>3</sup>P<sub>0</sub>)7d,2[2],3/2,,,https://physics.nist.gov/cgi-bin/ASBib1/get_ASBib_ref.cgi?db=el&amp;db_id=6416&amp;comment_code=&amp;element=Bi&amp;spectr_charge=1&amp;ref=6416&amp;type=
1 030.0642,0.0006,1 030.0641+,11,,,44 865.076,-,54 570.550,6p2(3P1)7s,2[1],3/2,6p<sup>2</sup>(<sup>3</sup>P<sub>1</sub>)7p,2[2]°,3/2,,,https://physics.nist.gov/cgi-bin/ASBib1/get_ASBib_ref.cgi?db=el&amp;db_id=6416&amp;comment_code=&amp;element=Bi&amp;spectr_charge=1&amp;ref=6416&amp;type=
1 053.619,0.020,,7,,,,,,,,,,,,,,https://physics.nist.gov/cgi-bin/ASBib1/get_ASBib_ref.cgi?db=el&amp;db_id=7407&amp;comment_code=&amp;element=Bi&amp;spectr_charge=1&amp;ref=7407&amp;type=
1 107.2746,0.0007,1 107.2742+,13,,,44 865.076,-,53 893.790,6p2(3P1)7s,2[1],3/2,6p<sup>2</sup>(<sup>3</sup>P<sub>1</sub>)7p,2[0]°,1/2,,,https://physics.nist.gov/cgi-bin/ASBib1/get_ASBib_ref.cgi?db=el&amp;db_id=6416&amp;comment_code=&amp;element=Bi&amp;spectr_charge=1&amp;ref=6416&amp;type=
1 155.1300,0.0008,1 155.1297+,4,,,45 915.883,-,54 570.550,6p2(3P1)7s,2[1],1/2,6p<sup>2</sup>(<sup>3</sup>P<sub>1</sub>)7p,2[2]°,3/2,,,https://physics.nist.gov/cgi-bin/ASBib1/get_ASBib_ref.cgi?db=el&amp;db_id=6416&amp;comment_code=&amp;element=Bi&amp;spectr_charge=1&amp;ref=6416&amp;type=
1 171.0835,0.0007,1 171.0835+,90,,,32 588.221,-,41 124.985,6p2(3P0)7s,2[0],1/2,6p<sup>2</sup>(<sup>3</sup>P<sub>0</sub>)7p,2[1]°,1/2,,,https://physics.nist.gov/cgi-bin/ASBib1/get_ASBib_ref.cgi?db=el&amp;db_id=6416&amp;comment_code=&amp;element=Bi&amp;spectr_charge=1&amp;ref=6416&amp;type=
1 199.94,0.03,,9,,,,,,,,,,,,,,https://physics.nist.gov/cgi-bin/ASBib1/get_ASBib_ref.cgi?db=el&amp;db_id=7407&amp;comment_code=&amp;element=Bi&amp;spectr_charge=1&amp;ref=7407&amp;type=
1 216.5119,0.0008,1 216.5119+,29,,,42 940.519,-,51 158.494,6p2(3P0)7p,2[1]°,3/2,6p<sup>2</sup>(<sup>3</sup>P<sub>0</sub>)7d,2[2],5/2,,,https://physics.nist.gov/cgi-bin/ASBib1/get_ASBib_ref.cgi?db=el&amp;db_id=6416&amp;comment_code=&amp;element=Bi&amp;spectr_charge=1&amp;ref=6416&amp;type=
1 237.5041,0.0009,1 237.5041+,2,,,42 940.519,-,51 019.090,6p2(3P0)7p,2[1]°,3/2,6p<sup>2</sup>(<sup>3</sup>P<sub>0</sub>)7d,2[2],3/2,,,https://physics.nist.gov/cgi-bin/ASBib1/get_ASBib_ref.cgi?db=el&amp;db_id=6416&amp;comment_code=&amp;element=Bi&amp;spectr_charge=1&amp;ref=6416&amp;type=
1 433.05,0.06,,36,,,,,,,,,,,,,,https://physics.nist.gov/cgi-bin/ASBib1/get_ASBib_ref.cgi?db=el&amp;db_id=7407&amp;comment_code=&amp;element=Bi&amp;spectr_charge=1&amp;ref=7407&amp;type=
1 599.9506,0.0013,1 599.949+,11,,,41 124.985,-,47 373.477,6p2(3P0)7p,2[1]°,1/2,6p<sup>2</sup>(<sup>3</sup>P<sub>0</sub>)8s,2[0],1/2,,,https://physics.nist.gov/cgi-bin/ASBib1/get_ASBib_ref.cgi?db=el&amp;db_id=6416&amp;comment_code=&amp;element=Bi&amp;spectr_charge=1&amp;ref=6416&amp;type=
2 255.8321,0.0030,2 255.830+,26,,,42 940.519,-,47 373.477,6p2(3P0)7p,2[1]°,3/2,6p<sup>2</sup>(<sup>3</sup>P<sub>0</sub>)8s,2[0],1/2,,,https://physics.nist.gov/cgi-bin/ASBib1/get_ASBib_ref.cgi?db=el&amp;db_id=6416&amp;comment_code=&amp;element=Bi&amp;spectr_charge=1&amp;ref=6416&amp;type=
,,17 343.5+,,5.00e+00,B,32 588.221,-,33 164.805,6p2(3P0)7s,2[0],1/2,6p<sup>3</sup>,2P°,3/2,,https://physics.nist.gov/cgi-bin/ASBib1/get_ASBib_ref.cgi?db=tp&amp;db_id=8547&amp;comment_code=&amp;element=Bi&amp;spectr_charge=1&amp;ref=8547&amp;type=,
