Observed  Wavelength  Vac (nm),Unc.  (nm),Ritz  Wavelength  Vac (nm),Unc.  (nm),Rel.  Int. (?),Aki (s−1),Acc.,Ei  (cm−1),,Ek  (cm−1),"Lower Level  Conf., Term, J","Lower Level  Conf., Term, J","Lower Level  Conf., Term, J","Upper Level  Conf., Term, J","Upper Level  Conf., Term, J","Upper Level  Conf., Term, J",Type,TPRef.,LineRef.
79.6953,0.0011,79.6955,0.0006,31000,,,0.000,-,125 477.6,5s25p3,4S°,3/2,5s<sup>2</sup>5p<sup>2</sup>(<sup>3</sup>P)6d,4P,1/2,,,https://physics.nist.gov/cgi-bin/ASBib1/get_ASBib_ref.cgi?db=el&amp;db_id=15043&amp;comment_code=&amp;element=Te&amp;spectr_charge=2&amp;ref=15043&amp;type=
79.9574,0.0011,79.95774,0.00013,42000,,,0.000,-,125 066.06,5s25p3,4S°,3/2,5s<sup>2</sup>5p<sup>2</sup>(<sup>3</sup>P)6d,4P,3/2,,,https://physics.nist.gov/cgi-bin/ASBib1/get_ASBib_ref.cgi?db=el&amp;db_id=15043&amp;comment_code=&amp;element=Te&amp;spectr_charge=2&amp;ref=15043&amp;type=
80.2269,0.0011,80.22695,0.00013,34000,,,0.000,-,124 646.39,5s25p3,4S°,3/2,5s<sup>2</sup>5p<sup>2</sup>(<sup>3</sup>P)6d,4D,5/2,,,https://physics.nist.gov/cgi-bin/ASBib1/get_ASBib_ref.cgi?db=el&amp;db_id=15043&amp;comment_code=&amp;element=Te&amp;spectr_charge=2&amp;ref=15043&amp;type=
80.3474,0.0011,80.3472,0.0007,15000,,,12 421.854,-,136 881.7,5s25p3,2D°,5/2,5s<sup>2</sup>5p<sup>2</sup>(<sup>3</sup>P)7d,2D,5/2,,,https://physics.nist.gov/cgi-bin/ASBib1/get_ASBib_ref.cgi?db=el&amp;db_id=15043&amp;comment_code=&amp;element=Te&amp;spectr_charge=2&amp;ref=15043&amp;type=
80.4679,0.0011,80.4681,0.0008,18000,,,10 222.385,-,134 495.3,5s25p3,2D°,3/2,5s<sup>2</sup>5p<sup>2</sup>(<sup>1</sup>D)6d,2D,3/2,,,https://physics.nist.gov/cgi-bin/ASBib1/get_ASBib_ref.cgi?db=el&amp;db_id=15043&amp;comment_code=&amp;element=Te&amp;spectr_charge=2&amp;ref=15043&amp;type=
80.5906,0.0011,80.59182,0.00013,8500,,,0.000,-,124 082.07,5s25p3,4S°,3/2,5s(<sup>2</sup>S)5p<sup>4</sup>(<sup>3</sup>P),2P,3/2,,,https://physics.nist.gov/cgi-bin/ASBib1/get_ASBib_ref.cgi?db=el&amp;db_id=15043&amp;comment_code=&amp;element=Te&amp;spectr_charge=2&amp;ref=15043&amp;type=
81.5183,0.0011,81.5187,0.0006,14000,,,12 421.854,-,135 093.1,5s25p3,2D°,5/2,5s<sup>2</sup>5p<sup>2</sup>(<sup>1</sup>D)6d,2D,5/2,,,https://physics.nist.gov/cgi-bin/ASBib1/get_ASBib_ref.cgi?db=el&amp;db_id=15043&amp;comment_code=&amp;element=Te&amp;spectr_charge=2&amp;ref=15043&amp;type=
81.8345,0.0011,81.83518,0.00013,24000,,,0.000,-,122 196.84,5s25p3,4S°,3/2,5s<sup>2</sup>5p<sup>2</sup>(<sup>3</sup>P)6d,2F,5/2,,,https://physics.nist.gov/cgi-bin/ASBib1/get_ASBib_ref.cgi?db=el&amp;db_id=15043&amp;comment_code=&amp;element=Te&amp;spectr_charge=2&amp;ref=15043&amp;type=
82.2908,0.0011,82.29171,0.00014,26000,,,0.000,-,121 518.93,5s25p3,4S°,3/2,5s<sup>2</sup>5p<sup>2</sup>(<sup>3</sup>P)6d,4D,3/2,,,https://physics.nist.gov/cgi-bin/ASBib1/get_ASBib_ref.cgi?db=el&amp;db_id=15043&amp;comment_code=&amp;element=Te&amp;spectr_charge=2&amp;ref=15043&amp;type=
82.4071,0.0011,82.4076,0.0009,21000*,,,20 546.591,-,141 894.6,5s25p3,2P°,1/2,5s<sup>2</sup>5p<sup>2</sup>(<sup>1</sup>S)7s,2S,1/2,,,https://physics.nist.gov/cgi-bin/ASBib1/get_ASBib_ref.cgi?db=el&amp;db_id=15043&amp;comment_code=&amp;element=Te&amp;spectr_charge=2&amp;ref=15043&amp;type=
82.4071,0.0011,82.40820,0.00014,21000*,,,12 421.854,-,133 769.00,5s25p3,2D°,5/2,5s<sup>2</sup>5p<sup>2</sup>(<sup>1</sup>D)6d,2G,7/2,,,https://physics.nist.gov/cgi-bin/ASBib1/get_ASBib_ref.cgi?db=el&amp;db_id=15043&amp;comment_code=&amp;element=Te&amp;spectr_charge=2&amp;ref=15043&amp;type=
82.5247,0.0011,82.52600,0.00014,31000,,,0.000,-,121 173.94,5s25p3,4S°,3/2,5s<sup>2</sup>5p<sup>2</sup>(<sup>3</sup>P)7s,2P,3/2,,,https://physics.nist.gov/cgi-bin/ASBib1/get_ASBib_ref.cgi?db=el&amp;db_id=15043&amp;comment_code=&amp;element=Te&amp;spectr_charge=2&amp;ref=15043&amp;type=
82.5706,0.0011,82.57215,0.00014,29000,,,0.000,-,121 106.21,5s25p3,4S°,3/2,5s<sup>2</sup>5p<sup>2</sup>(<sup>3</sup>P)6d,4D,1/2,,,https://physics.nist.gov/cgi-bin/ASBib1/get_ASBib_ref.cgi?db=el&amp;db_id=15043&amp;comment_code=&amp;element=Te&amp;spectr_charge=2&amp;ref=15043&amp;type=
82.6005,0.0011,82.60107,0.00014,24000,,,0.000,-,121 063.80,5s25p3,4S°,3/2,5s<sup>2</sup>5p<sup>2</sup>(<sup>3</sup>P)6d,4F,5/2,,,https://physics.nist.gov/cgi-bin/ASBib1/get_ASBib_ref.cgi?db=el&amp;db_id=15043&amp;comment_code=&amp;element=Te&amp;spectr_charge=2&amp;ref=15043&amp;type=
82.9049,0.0011,82.9049,0.0016,25000*,,,12 421.854,-,133 042.0,5s25p3,2D°,5/2,5s<sup>2</sup>5p<sup>2</sup>(<sup>1</sup>D)6d,2F,7/2,,,https://physics.nist.gov/cgi-bin/ASBib1/get_ASBib_ref.cgi?db=el&amp;db_id=15043&amp;comment_code=&amp;element=Te&amp;spectr_charge=2&amp;ref=15043&amp;type=
82.9049,0.0011,82.90696,0.00014,25000*,,,0.000,-,120 617.13,5s25p3,4S°,3/2,5s<sup>2</sup>5p<sup>2</sup>(<sup>3</sup>P)7s,4P,5/2,,,https://physics.nist.gov/cgi-bin/ASBib1/get_ASBib_ref.cgi?db=el&amp;db_id=15043&amp;comment_code=&amp;element=Te&amp;spectr_charge=2&amp;ref=15043&amp;type=
84.6555,0.0011,84.6556,0.0009,11000,,,10 222.385,-,128 348.0,5s25p3,2D°,3/2,5s<sup>2</sup>5p<sup>2</sup>(<sup>3</sup>P)7d,4F,5/2,,,https://physics.nist.gov/cgi-bin/ASBib1/get_ASBib_ref.cgi?db=el&amp;db_id=15043&amp;comment_code=&amp;element=Te&amp;spectr_charge=2&amp;ref=15043&amp;type=
84.8452,0.0011,84.8446,0.0009,9000,,,24 032.095,-,141 894.6,5s25p3,2P°,3/2,5s<sup>2</sup>5p<sup>2</sup>(<sup>1</sup>S)7s,2S,1/2,,,https://physics.nist.gov/cgi-bin/ASBib1/get_ASBib_ref.cgi?db=el&amp;db_id=15043&amp;comment_code=&amp;element=Te&amp;spectr_charge=2&amp;ref=15043&amp;type=
85.1230,0.0011,85.12423,0.00014,16000,,,12 421.854,-,129 897.22,5s25p3,2D°,5/2,5s<sup>2</sup>5p<sup>2</sup>(<sup>1</sup>D)7s,2D,5/2,,,https://physics.nist.gov/cgi-bin/ASBib1/get_ASBib_ref.cgi?db=el&amp;db_id=15043&amp;comment_code=&amp;element=Te&amp;spectr_charge=2&amp;ref=15043&amp;type=
85.5893,0.0011,85.58910,0.00015,34000,,,0.000,-,116 837.31,5s25p3,4S°,3/2,5s<sup>2</sup>5p<sup>2</sup>(<sup>3</sup>P)6d,4P,5/2,,,https://physics.nist.gov/cgi-bin/ASBib1/get_ASBib_ref.cgi?db=el&amp;db_id=15043&amp;comment_code=&amp;element=Te&amp;spectr_charge=2&amp;ref=15043&amp;type=
85.9864,0.0011,85.98861,0.00015,18000,,,10 222.385,-,126 516.86,5s25p3,2D°,3/2,5s<sup>2</sup>5p<sup>2</sup>(<sup>3</sup>P)6d,2D,3/2,,,https://physics.nist.gov/cgi-bin/ASBib1/get_ASBib_ref.cgi?db=el&amp;db_id=15043&amp;comment_code=&amp;element=Te&amp;spectr_charge=2&amp;ref=15043&amp;type=
86.4299,0.0011,86.43001,0.00015,14000,,,0.000,-,115 700.56,5s25p3,4S°,3/2,5s<sup>2</sup>5p<sup>2</sup>(<sup>3</sup>P)6d,2P,3/2,,,https://physics.nist.gov/cgi-bin/ASBib1/get_ASBib_ref.cgi?db=el&amp;db_id=15043&amp;comment_code=&amp;element=Te&amp;spectr_charge=2&amp;ref=15043&amp;type=
86.4426,0.0011,86.44264,0.00015,11000,,,10 222.385,-,125 906.03,5s25p3,2D°,3/2,5s<sup>2</sup>5p<sup>2</sup>(<sup>3</sup>P)6d,2D,5/2,,,https://physics.nist.gov/cgi-bin/ASBib1/get_ASBib_ref.cgi?db=el&amp;db_id=15043&amp;comment_code=&amp;element=Te&amp;spectr_charge=2&amp;ref=15043&amp;type=
86.9289,0.0011,86.9296,0.0008,17000,,,20 546.591,-,135 582.2,5s25p3,2P°,1/2,5s<sup>2</sup>5p<sup>2</sup>(<sup>1</sup>D)6d,2P,3/2,,,https://physics.nist.gov/cgi-bin/ASBib1/get_ASBib_ref.cgi?db=el&amp;db_id=15043&amp;comment_code=&amp;element=Te&amp;spectr_charge=2&amp;ref=15043&amp;type=
87.3947,0.0011,87.39425,0.00015,28000,,,10 222.385,-,124 646.39,5s25p3,2D°,3/2,5s<sup>2</sup>5p<sup>2</sup>(<sup>3</sup>P)6d,4D,5/2,,,https://physics.nist.gov/cgi-bin/ASBib1/get_ASBib_ref.cgi?db=el&amp;db_id=15043&amp;comment_code=&amp;element=Te&amp;spectr_charge=2&amp;ref=15043&amp;type=
87.6440,0.0011,87.64626,0.00015,29000,,,12 421.854,-,126 516.86,5s25p3,2D°,5/2,5s<sup>2</sup>5p<sup>2</sup>(<sup>3</sup>P)6d,2D,3/2,,,https://physics.nist.gov/cgi-bin/ASBib1/get_ASBib_ref.cgi?db=el&amp;db_id=15043&amp;comment_code=&amp;element=Te&amp;spectr_charge=2&amp;ref=15043&amp;type=
87.8249,0.0011,87.82740,0.00015,33000,,,10 222.385,-,124 082.07,5s25p3,2D°,3/2,5s(<sup>2</sup>S)5p<sup>4</sup>(<sup>3</sup>P),2P,3/2,,,https://physics.nist.gov/cgi-bin/ASBib1/get_ASBib_ref.cgi?db=el&amp;db_id=15043&amp;comment_code=&amp;element=Te&amp;spectr_charge=2&amp;ref=15043&amp;type=
88.0717,0.0011,88.07062,0.00016,36000,,,12 421.854,-,125 967.10,5s25p3,2D°,5/2,5s<sup>2</sup>5p<sup>2</sup>(<sup>3</sup>P)6d,2F,7/2,,,https://physics.nist.gov/cgi-bin/ASBib1/get_ASBib_ref.cgi?db=el&amp;db_id=15043&amp;comment_code=&amp;element=Te&amp;spectr_charge=2&amp;ref=15043&amp;type=
88.1181,0.0011,88.11801,0.00016,37000,,,12 421.854,-,125 906.03,5s25p3,2D°,5/2,5s<sup>2</sup>5p<sup>2</sup>(<sup>3</sup>P)6d,2D,5/2,,,https://physics.nist.gov/cgi-bin/ASBib1/get_ASBib_ref.cgi?db=el&amp;db_id=15043&amp;comment_code=&amp;element=Te&amp;spectr_charge=2&amp;ref=15043&amp;type=
88.6074,0.0011,88.6074,0.0011,10000,,,24 032.095,-,136 889.5,5s25p3,2P°,3/2,5s<sup>2</sup>5p<sup>2</sup>(<sup>3</sup>P)7d,2P,1/2,,,https://physics.nist.gov/cgi-bin/ASBib1/get_ASBib_ref.cgi?db=el&amp;db_id=15043&amp;comment_code=&amp;element=Te&amp;spectr_charge=2&amp;ref=15043&amp;type=
88.6134,0.0011,88.6135,0.0009,11000,,,24 032.095,-,136 881.7,5s25p3,2P°,3/2,5s<sup>2</sup>5p<sup>2</sup>(<sup>3</sup>P)7d,2D,5/2,,,https://physics.nist.gov/cgi-bin/ASBib1/get_ASBib_ref.cgi?db=el&amp;db_id=15043&amp;comment_code=&amp;element=Te&amp;spectr_charge=2&amp;ref=15043&amp;type=
88.7754,0.0011,88.77509,0.00016,22000,,,12 421.854,-,125 066.06,5s25p3,2D°,5/2,5s<sup>2</sup>5p<sup>2</sup>(<sup>3</sup>P)6d,4P,3/2,,,https://physics.nist.gov/cgi-bin/ASBib1/get_ASBib_ref.cgi?db=el&amp;db_id=15043&amp;comment_code=&amp;element=Te&amp;spectr_charge=2&amp;ref=15043&amp;type=
89.1075,0.0011,89.10707,0.00016,32000,,,12 421.854,-,124 646.39,5s25p3,2D°,5/2,5s<sup>2</sup>5p<sup>2</sup>(<sup>3</sup>P)6d,4D,5/2,,,https://physics.nist.gov/cgi-bin/ASBib1/get_ASBib_ref.cgi?db=el&amp;db_id=15043&amp;comment_code=&amp;element=Te&amp;spectr_charge=2&amp;ref=15043&amp;type=
89.3053,0.0011,89.30608,0.00016,120000,,,10 222.385,-,122 196.84,5s25p3,2D°,3/2,5s<sup>2</sup>5p<sup>2</sup>(<sup>3</sup>P)6d,2F,5/2,,,https://physics.nist.gov/cgi-bin/ASBib1/get_ASBib_ref.cgi?db=el&amp;db_id=15043&amp;comment_code=&amp;element=Te&amp;spectr_charge=2&amp;ref=15043&amp;type=
89.5560,0.0011,89.55741,0.00016,36000,,,12 421.854,-,124 082.07,5s25p3,2D°,5/2,5s(<sup>2</sup>S)5p<sup>4</sup>(<sup>3</sup>P),2P,3/2,,,https://physics.nist.gov/cgi-bin/ASBib1/get_ASBib_ref.cgi?db=el&amp;db_id=15043&amp;comment_code=&amp;element=Te&amp;spectr_charge=2&amp;ref=15043&amp;type=
90.0409,0.0011,90.0406,0.0007,18000,,,24 032.095,-,135 093.1,5s25p3,2P°,3/2,5s<sup>2</sup>5p<sup>2</sup>(<sup>1</sup>D)6d,2D,5/2,,,https://physics.nist.gov/cgi-bin/ASBib1/get_ASBib_ref.cgi?db=el&amp;db_id=15043&amp;comment_code=&amp;element=Te&amp;spectr_charge=2&amp;ref=15043&amp;type=
90.1833,0.0011,90.18448,0.00016,55000,,,10 222.385,-,121 106.21,5s25p3,2D°,3/2,5s<sup>2</sup>5p<sup>2</sup>(<sup>3</sup>P)6d,4D,1/2,,,https://physics.nist.gov/cgi-bin/ASBib1/get_ASBib_ref.cgi?db=el&amp;db_id=15043&amp;comment_code=&amp;element=Te&amp;spectr_charge=2&amp;ref=15043&amp;type=
90.2192,0.0011,90.21899,0.00016,12000,,,10 222.385,-,121 063.80,5s25p3,2D°,3/2,5s<sup>2</sup>5p<sup>2</sup>(<sup>3</sup>P)6d,4F,5/2,,,https://physics.nist.gov/cgi-bin/ASBib1/get_ASBib_ref.cgi?db=el&amp;db_id=15043&amp;comment_code=&amp;element=Te&amp;spectr_charge=2&amp;ref=15043&amp;type=
90.7969,0.0011,90.7966,0.0003,53000,,,0.000,-,110 136.3,5s25p3,4S°,3/2,5s<sup>2</sup>5p<sup>2</sup>(<sup>1</sup>D)5d,2P,3/2,,,https://physics.nist.gov/cgi-bin/ASBib1/get_ASBib_ref.cgi?db=el&amp;db_id=15043&amp;comment_code=&amp;element=Te&amp;spectr_charge=2&amp;ref=15043&amp;type=
91.9510,0.0011,91.95226,0.00017,61000,,,12 421.854,-,121 173.94,5s25p3,2D°,5/2,5s<sup>2</sup>5p<sup>2</sup>(<sup>3</sup>P)7s,2P,3/2,,,https://physics.nist.gov/cgi-bin/ASBib1/get_ASBib_ref.cgi?db=el&amp;db_id=15043&amp;comment_code=&amp;element=Te&amp;spectr_charge=2&amp;ref=15043&amp;type=
92.3825,0.0011,92.3825,0.0011,41000,,,12 421.854,-,120 667.5,5s25p3,2D°,5/2,5s<sup>2</sup>5p<sup>2</sup>(<sup>3</sup>P)6d,4F,7/2,,,https://physics.nist.gov/cgi-bin/ASBib1/get_ASBib_ref.cgi?db=el&amp;db_id=15043&amp;comment_code=&amp;element=Te&amp;spectr_charge=2&amp;ref=15043&amp;type=
92.7743,0.0011,92.77588,0.00017,64000,,,10 222.385,-,118 009.02,5s25p3,2D°,3/2,5s<sup>2</sup>5p<sup>2</sup>(<sup>3</sup>P)7s,2P,1/2,,,https://physics.nist.gov/cgi-bin/ASBib1/get_ASBib_ref.cgi?db=el&amp;db_id=15043&amp;comment_code=&amp;element=Te&amp;spectr_charge=2&amp;ref=15043&amp;type=
92.9918,0.0011,92.9922,0.0008,34000,,,20 546.591,-,128 082.5,5s25p3,2P°,1/2,5s<sup>2</sup>5p<sup>2</sup>(<sup>3</sup>P)6d,2P,1/2,,,https://physics.nist.gov/cgi-bin/ASBib1/get_ASBib_ref.cgi?db=el&amp;db_id=15043&amp;comment_code=&amp;element=Te&amp;spectr_charge=2&amp;ref=15043&amp;type=
93.0042,0.0011,93.0044,0.0004,70000,,,0.000,-,107 521.8,5s25p3,4S°,3/2,5s<sup>2</sup>5p<sup>2</sup>(<sup>1</sup>D)5d,2P,1/2,,,https://physics.nist.gov/cgi-bin/ASBib1/get_ASBib_ref.cgi?db=el&amp;db_id=15043&amp;comment_code=&amp;element=Te&amp;spectr_charge=2&amp;ref=15043&amp;type=
93.4848,0.0011,93.48416,0.00017,33000,,,10 222.385,-,117 192.38,5s25p3,2D°,3/2,5s(<sup>2</sup>S)5p<sup>4</sup>(<sup>3</sup>P),2P,1/2,,,https://physics.nist.gov/cgi-bin/ASBib1/get_ASBib_ref.cgi?db=el&amp;db_id=15043&amp;comment_code=&amp;element=Te&amp;spectr_charge=2&amp;ref=15043&amp;type=
93.7960,0.0011,93.79550,0.00018,40000,,,10 222.385,-,116 837.31,5s25p3,2D°,3/2,5s<sup>2</sup>5p<sup>2</sup>(<sup>3</sup>P)6d,4P,5/2,,,https://physics.nist.gov/cgi-bin/ASBib1/get_ASBib_ref.cgi?db=el&amp;db_id=15043&amp;comment_code=&amp;element=Te&amp;spectr_charge=2&amp;ref=15043&amp;type=
94.262,0.004,,,250000,,,,,,,,,,,,,,https://physics.nist.gov/cgi-bin/ASBib1/get_ASBib_ref.cgi?db=el&amp;db_id=3546&amp;comment_code=&amp;element=Te&amp;spectr_charge=2&amp;ref=3546&amp;type=
94.3413,0.0011,94.3407,0.0007,35000,,,12 421.854,-,118 420.6,5s25p3,2D°,5/2,5s<sup>2</sup>5p<sup>2</sup>(<sup>1</sup>S)5d,2D,5/2,,,https://physics.nist.gov/cgi-bin/ASBib1/get_ASBib_ref.cgi?db=el&amp;db_id=15043&amp;comment_code=&amp;element=Te&amp;spectr_charge=2&amp;ref=15043&amp;type=
94.3629,0.0011,94.36609,0.00018,23000,,,20 546.591,-,126 516.86,5s25p3,2P°,1/2,5s<sup>2</sup>5p<sup>2</sup>(<sup>3</sup>P)6d,2D,3/2,,,https://physics.nist.gov/cgi-bin/ASBib1/get_ASBib_ref.cgi?db=el&amp;db_id=15043&amp;comment_code=&amp;element=Te&amp;spectr_charge=2&amp;ref=15043&amp;type=
94.4255,0.0011,94.4255,0.0005,25000,,,12 421.854,-,118 325.5,5s25p3,2D°,5/2,5s<sup>2</sup>5p<sup>2</sup>(<sup>1</sup>S)5d,2D,3/2,,,https://physics.nist.gov/cgi-bin/ASBib1/get_ASBib_ref.cgi?db=el&amp;db_id=15043&amp;comment_code=&amp;element=Te&amp;spectr_charge=2&amp;ref=15043&amp;type=
94.5559,0.0011,94.5563,0.0008,33000,,,24 032.095,-,129 789.2,5s25p3,2P°,3/2,5s<sup>2</sup>5p<sup>2</sup>(<sup>1</sup>D)7s,2D,3/2,,,https://physics.nist.gov/cgi-bin/ASBib1/get_ASBib_ref.cgi?db=el&amp;db_id=15043&amp;comment_code=&amp;element=Te&amp;spectr_charge=2&amp;ref=15043&amp;type=
94.8056,0.0011,94.80634,0.00018,54000,,,10 222.385,-,115 700.56,5s25p3,2D°,3/2,5s<sup>2</sup>5p<sup>2</sup>(<sup>3</sup>P)6d,2P,3/2,,,https://physics.nist.gov/cgi-bin/ASBib1/get_ASBib_ref.cgi?db=el&amp;db_id=15043&amp;comment_code=&amp;element=Te&amp;spectr_charge=2&amp;ref=15043&amp;type=
95.3109,0.0011,95.31267,0.00018,48000,,,12 421.854,-,117 339.70,5s25p3,2D°,5/2,5s<sup>2</sup>5p<sup>2</sup>(<sup>3</sup>P)7s,4P,3/2,,,https://physics.nist.gov/cgi-bin/ASBib1/get_ASBib_ref.cgi?db=el&amp;db_id=15043&amp;comment_code=&amp;element=Te&amp;spectr_charge=2&amp;ref=15043&amp;type=
95.3818,0.0011,95.38147,0.00018,53000,,,12 421.854,-,117 264.02,5s25p3,2D°,5/2,5s<sup>2</sup>5p<sup>2</sup>(<sup>3</sup>P)6d,4F,3/2,,,https://physics.nist.gov/cgi-bin/ASBib1/get_ASBib_ref.cgi?db=el&amp;db_id=15043&amp;comment_code=&amp;element=Te&amp;spectr_charge=2&amp;ref=15043&amp;type=
96.1077,0.0011,96.1073,0.0008,34000,,,24 032.095,-,128 082.5,5s25p3,2P°,3/2,5s<sup>2</sup>5p<sup>2</sup>(<sup>3</sup>P)6d,2P,1/2,,,https://physics.nist.gov/cgi-bin/ASBib1/get_ASBib_ref.cgi?db=el&amp;db_id=15043&amp;comment_code=&amp;element=Te&amp;spectr_charge=2&amp;ref=15043&amp;type=
96.5824,0.0011,96.58525,0.00019,30000,,,20 546.591,-,124 082.07,5s25p3,2P°,1/2,5s(<sup>2</sup>S)5p<sup>4</sup>(<sup>3</sup>P),2P,3/2,,,https://physics.nist.gov/cgi-bin/ASBib1/get_ASBib_ref.cgi?db=el&amp;db_id=15043&amp;comment_code=&amp;element=Te&amp;spectr_charge=2&amp;ref=15043&amp;type=
96.8251,0.0011,96.82538,0.00019,46000,,,12 421.854,-,115 700.56,5s25p3,2D°,5/2,5s<sup>2</sup>5p<sup>2</sup>(<sup>3</sup>P)6d,2P,3/2,,,https://physics.nist.gov/cgi-bin/ASBib1/get_ASBib_ref.cgi?db=el&amp;db_id=15043&amp;comment_code=&amp;element=Te&amp;spectr_charge=2&amp;ref=15043&amp;type=
97.3668,0.0011,97.3677,0.0004,120000,,,0.000,-,102 703.5,5s25p3,4S°,3/2,5s<sup>2</sup>5p<sup>2</sup>(<sup>3</sup>P)5d,2D,5/2,,,https://physics.nist.gov/cgi-bin/ASBib1/get_ASBib_ref.cgi?db=el&amp;db_id=15043&amp;comment_code=&amp;element=Te&amp;spectr_charge=2&amp;ref=15043&amp;type=
97.4628,0.0011,97.46442,0.00019,64000,,,10 222.385,-,112 823.93,5s25p3,2D°,3/2,5s<sup>2</sup>5p<sup>2</sup>(<sup>3</sup>P)7s,4P,1/2,,,https://physics.nist.gov/cgi-bin/ASBib1/get_ASBib_ref.cgi?db=el&amp;db_id=15043&amp;comment_code=&amp;element=Te&amp;spectr_charge=2&amp;ref=15043&amp;type=
97.5716,0.0011,97.57548,0.00019,27000,,,24 032.095,-,126 516.86,5s25p3,2P°,3/2,5s<sup>2</sup>5p<sup>2</sup>(<sup>3</sup>P)6d,2D,3/2,,,https://physics.nist.gov/cgi-bin/ASBib1/get_ASBib_ref.cgi?db=el&amp;db_id=15043&amp;comment_code=&amp;element=Te&amp;spectr_charge=2&amp;ref=15043&amp;type=
97.8049,0.0011,97.80468,0.00019,45000,,,0.000,-,102 244.60,5s25p3,4S°,3/2,5s<sup>2</sup>5p<sup>2</sup>(<sup>3</sup>P)5d,2D,3/2,,,https://physics.nist.gov/cgi-bin/ASBib1/get_ASBib_ref.cgi?db=el&amp;db_id=15043&amp;comment_code=&amp;element=Te&amp;spectr_charge=2&amp;ref=15043&amp;type=
97.9161,0.0011,97.91709,0.00019,92000,,,0.000,-,102 127.22,5s25p3,4S°,3/2,5s<sup>2</sup>5p<sup>2</sup>(<sup>3</sup>P)5d,4P,1/2,,,https://physics.nist.gov/cgi-bin/ASBib1/get_ASBib_ref.cgi?db=el&amp;db_id=15043&amp;comment_code=&amp;element=Te&amp;spectr_charge=2&amp;ref=15043&amp;type=
98.3929,0.0011,98.3925,0.0005,130000,,,10 222.385,-,111 856.1,5s25p3,2D°,3/2,5s<sup>2</sup>5p<sup>2</sup>(<sup>1</sup>D)5d,2D,3/2,,,https://physics.nist.gov/cgi-bin/ASBib1/get_ASBib_ref.cgi?db=el&amp;db_id=15043&amp;comment_code=&amp;element=Te&amp;spectr_charge=2&amp;ref=15043&amp;type=
98.8710,0.0011,98.8703,0.0006,110000,,,12 421.854,-,113 564.5,5s25p3,2D°,5/2,5s<sup>2</sup>5p<sup>2</sup>(<sup>1</sup>D)5d,2D,5/2,,,https://physics.nist.gov/cgi-bin/ASBib1/get_ASBib_ref.cgi?db=el&amp;db_id=15043&amp;comment_code=&amp;element=Te&amp;spectr_charge=2&amp;ref=15043&amp;type=
98.9423,0.0011,98.94586,0.00020,120000,,,0.000,-,101 065.37,5s25p3,4S°,3/2,5s<sup>2</sup>5p<sup>2</sup>(<sup>1</sup>D)5d,2S,1/2,,,https://physics.nist.gov/cgi-bin/ASBib1/get_ASBib_ref.cgi?db=el&amp;db_id=15043&amp;comment_code=&amp;element=Te&amp;spectr_charge=2&amp;ref=15043&amp;type=
99.2651,0.0011,99.26470,0.00020,120000,,,0.000,-,100 740.75,5s25p3,4S°,3/2,5s<sup>2</sup>5p<sup>2</sup>(<sup>3</sup>P)5d,4P,3/2,,,https://physics.nist.gov/cgi-bin/ASBib1/get_ASBib_ref.cgi?db=el&amp;db_id=15043&amp;comment_code=&amp;element=Te&amp;spectr_charge=2&amp;ref=15043&amp;type=
99.3891,0.0011,99.38946,0.00020,66000,,,24 032.095,-,124 646.39,5s25p3,2P°,3/2,5s<sup>2</sup>5p<sup>2</sup>(<sup>3</sup>P)6d,4D,5/2,,,https://physics.nist.gov/cgi-bin/ASBib1/get_ASBib_ref.cgi?db=el&amp;db_id=15043&amp;comment_code=&amp;element=Te&amp;spectr_charge=2&amp;ref=15043&amp;type=
99.9479,0.0011,99.95005,0.00020,59000,,,24 032.095,-,124 082.07,5s25p3,2P°,3/2,5s(<sup>2</sup>S)5p<sup>4</sup>(<sup>3</sup>P),2P,3/2,,,https://physics.nist.gov/cgi-bin/ASBib1/get_ASBib_ref.cgi?db=el&amp;db_id=15043&amp;comment_code=&amp;element=Te&amp;spectr_charge=2&amp;ref=15043&amp;type=
100.3760,0.0011,100.37604,0.00020,89000,,,24 032.095,-,123 657.46,5s25p3,2P°,3/2,5s(<sup>2</sup>S)5p<sup>4</sup>(<sup>1</sup>S),2S,1/2,,,https://physics.nist.gov/cgi-bin/ASBib1/get_ASBib_ref.cgi?db=el&amp;db_id=15043&amp;comment_code=&amp;element=Te&amp;spectr_charge=2&amp;ref=15043&amp;type=
100.7766,0.0011,100.77630,0.00020,150000,,,0.000,-,99 229.68,5s25p3,4S°,3/2,5s<sup>2</sup>5p<sup>2</sup>(<sup>3</sup>P)5d,4P,5/2,,,https://physics.nist.gov/cgi-bin/ASBib1/get_ASBib_ref.cgi?db=el&amp;db_id=15043&amp;comment_code=&amp;element=Te&amp;spectr_charge=2&amp;ref=15043&amp;type=
101.4223,0.0011,101.4229,0.0005,140000,,,10 222.385,-,108 819.4,5s25p3,2D°,3/2,5s<sup>2</sup>5p<sup>2</sup>(<sup>1</sup>D)5d,2F,5/2,,,https://physics.nist.gov/cgi-bin/ASBib1/get_ASBib_ref.cgi?db=el&amp;db_id=15043&amp;comment_code=&amp;element=Te&amp;spectr_charge=2&amp;ref=15043&amp;type=
102.2713,0.0011,102.2715,0.0006,140000,,,20 546.591,-,118 325.5,5s25p3,2P°,1/2,5s<sup>2</sup>5p<sup>2</sup>(<sup>1</sup>S)5d,2D,3/2,,,https://physics.nist.gov/cgi-bin/ASBib1/get_ASBib_ref.cgi?db=el&amp;db_id=15043&amp;comment_code=&amp;element=Te&amp;spectr_charge=2&amp;ref=15043&amp;type=
102.3397,0.0011,102.3390,0.0004,180000,,,12 421.854,-,110 136.3,5s25p3,2D°,5/2,5s<sup>2</sup>5p<sup>2</sup>(<sup>1</sup>D)5d,2P,3/2,,,https://physics.nist.gov/cgi-bin/ASBib1/get_ASBib_ref.cgi?db=el&amp;db_id=15043&amp;comment_code=&amp;element=Te&amp;spectr_charge=2&amp;ref=15043&amp;type=
102.5782,0.0011,102.57795,0.00021,91000,,,24 032.095,-,121 518.93,5s25p3,2P°,3/2,5s<sup>2</sup>5p<sup>2</sup>(<sup>3</sup>P)6d,4D,3/2,,,https://physics.nist.gov/cgi-bin/ASBib1/get_ASBib_ref.cgi?db=el&amp;db_id=15043&amp;comment_code=&amp;element=Te&amp;spectr_charge=2&amp;ref=15043&amp;type=
103.4696,0.0011,103.47062,0.00021,110000,,,20 546.591,-,117 192.38,5s25p3,2P°,1/2,5s(<sup>2</sup>S)5p<sup>4</sup>(<sup>3</sup>P),2P,1/2,,,https://physics.nist.gov/cgi-bin/ASBib1/get_ASBib_ref.cgi?db=el&amp;db_id=15043&amp;comment_code=&amp;element=Te&amp;spectr_charge=2&amp;ref=15043&amp;type=
103.7370,0.0011,103.7371,0.0005,100000,,,12 421.854,-,108 819.4,5s25p3,2D°,5/2,5s<sup>2</sup>5p<sup>2</sup>(<sup>1</sup>D)5d,2F,5/2,,,https://physics.nist.gov/cgi-bin/ASBib1/get_ASBib_ref.cgi?db=el&amp;db_id=15043&amp;comment_code=&amp;element=Te&amp;spectr_charge=2&amp;ref=15043&amp;type=
105.0915,0.0011,105.09283,0.00022,42000,,,20 546.591,-,115 700.56,5s25p3,2P°,1/2,5s<sup>2</sup>5p<sup>2</sup>(<sup>3</sup>P)6d,2P,3/2,,,https://physics.nist.gov/cgi-bin/ASBib1/get_ASBib_ref.cgi?db=el&amp;db_id=15043&amp;comment_code=&amp;element=Te&amp;spectr_charge=2&amp;ref=15043&amp;type=
105.4185,0.0011,105.41781,0.00022,84000,,,0.000,-,94 860.63,5s25p3,4S°,3/2,5s<sup>2</sup>5p<sup>2</sup>(<sup>1</sup>D)6s,2D,5/2,,,https://physics.nist.gov/cgi-bin/ASBib1/get_ASBib_ref.cgi?db=el&amp;db_id=15043&amp;comment_code=&amp;element=Te&amp;spectr_charge=2&amp;ref=15043&amp;type=
105.4602,0.0011,105.4602,0.0011,150000,,,12 421.854,-,107 244.4,5s25p3,2D°,5/2,5s<sup>2</sup>5p<sup>2</sup>(<sup>3</sup>P)5d,2F,7/2,,,https://physics.nist.gov/cgi-bin/ASBib1/get_ASBib_ref.cgi?db=el&amp;db_id=15043&amp;comment_code=&amp;element=Te&amp;spectr_charge=2&amp;ref=15043&amp;type=
105.700,0.007,,,150000,,,,,,,,,,,,,,https://physics.nist.gov/cgi-bin/ASBib1/get_ASBib_ref.cgi?db=el&amp;db_id=3546&amp;comment_code=&amp;element=Te&amp;spectr_charge=2&amp;ref=3546&amp;type=
105.9447,0.0011,105.9451,0.0009,340000bl,,,24 032.095,-,118 420.6,5s25p3,2P°,3/2,5s<sup>2</sup>5p<sup>2</sup>(<sup>1</sup>S)5d,2D,5/2,,,https://physics.nist.gov/cgi-bin/ASBib1/get_ASBib_ref.cgi?db=el&amp;db_id=15043&amp;comment_code=&amp;element=Te&amp;spectr_charge=2&amp;ref=15043&amp;type=
106.887,0.007,,,160000,,,,,,,,,,,,,,https://physics.nist.gov/cgi-bin/ASBib1/get_ASBib_ref.cgi?db=el&amp;db_id=3546&amp;comment_code=&amp;element=Te&amp;spectr_charge=2&amp;ref=3546&amp;type=
107.2590,0.0011,107.25940,0.00023,110000,,,24 032.095,-,117 264.02,5s25p3,2P°,3/2,5s<sup>2</sup>5p<sup>2</sup>(<sup>3</sup>P)6d,4F,3/2,,,https://physics.nist.gov/cgi-bin/ASBib1/get_ASBib_ref.cgi?db=el&amp;db_id=15043&amp;comment_code=&amp;element=Te&amp;spectr_charge=2&amp;ref=15043&amp;type=
107.7663,0.0011,107.76649,0.00023,180000,,,0.000,-,92 793.22,5s25p3,4S°,3/2,5s<sup>2</sup>5p<sup>2</sup>(<sup>3</sup>P)5d,4D,5/2,,,https://physics.nist.gov/cgi-bin/ASBib1/get_ASBib_ref.cgi?db=el&amp;db_id=15043&amp;comment_code=&amp;element=Te&amp;spectr_charge=2&amp;ref=15043&amp;type=
108.1295,0.0011,108.1302,0.0005,90000,,,10 222.385,-,102 703.5,5s25p3,2D°,3/2,5s<sup>2</sup>5p<sup>2</sup>(<sup>3</sup>P)5d,2D,5/2,,,https://physics.nist.gov/cgi-bin/ASBib1/get_ASBib_ref.cgi?db=el&amp;db_id=15043&amp;comment_code=&amp;element=Te&amp;spectr_charge=2&amp;ref=15043&amp;type=
109.011,0.004,,,490000,,,,,,,,,,,,,,https://physics.nist.gov/cgi-bin/ASBib1/get_ASBib_ref.cgi?db=el&amp;db_id=3546&amp;comment_code=&amp;element=Te&amp;spectr_charge=2&amp;ref=3546&amp;type=
109.0877,0.0011,109.08877,0.00024,53000,,,24 032.095,-,115 700.56,5s25p3,2P°,3/2,5s<sup>2</sup>5p<sup>2</sup>(<sup>3</sup>P)6d,2P,3/2,,,https://physics.nist.gov/cgi-bin/ASBib1/get_ASBib_ref.cgi?db=el&amp;db_id=15043&amp;comment_code=&amp;element=Te&amp;spectr_charge=2&amp;ref=15043&amp;type=
109.5170,0.0011,109.5176,0.0006,73000,,,20 546.591,-,111 856.1,5s25p3,2P°,1/2,5s<sup>2</sup>5p<sup>2</sup>(<sup>1</sup>D)5d,2D,3/2,,,https://physics.nist.gov/cgi-bin/ASBib1/get_ASBib_ref.cgi?db=el&amp;db_id=15043&amp;comment_code=&amp;element=Te&amp;spectr_charge=2&amp;ref=15043&amp;type=
110.4740,0.0011,110.47482,0.00024,93000,,,10 222.385,-,100 740.75,5s25p3,2D°,3/2,5s<sup>2</sup>5p<sup>2</sup>(<sup>3</sup>P)5d,4P,3/2,,,https://physics.nist.gov/cgi-bin/ASBib1/get_ASBib_ref.cgi?db=el&amp;db_id=15043&amp;comment_code=&amp;element=Te&amp;spectr_charge=2&amp;ref=15043&amp;type=
110.7654,0.0011,110.7645,0.0005,53000,,,12 421.854,-,102 703.5,5s25p3,2D°,5/2,5s<sup>2</sup>5p<sup>2</sup>(<sup>3</sup>P)5d,2D,5/2,,,https://physics.nist.gov/cgi-bin/ASBib1/get_ASBib_ref.cgi?db=el&amp;db_id=15043&amp;comment_code=&amp;element=Te&amp;spectr_charge=2&amp;ref=15043&amp;type=
111.3302,0.0011,111.33038,0.00025,68000,,,12 421.854,-,102 244.60,5s25p3,2D°,5/2,5s<sup>2</sup>5p<sup>2</sup>(<sup>3</sup>P)5d,2D,3/2,,,https://physics.nist.gov/cgi-bin/ASBib1/get_ASBib_ref.cgi?db=el&amp;db_id=15043&amp;comment_code=&amp;element=Te&amp;spectr_charge=2&amp;ref=15043&amp;type=
111.6909,0.0011,111.6914,0.0007,99000,,,24 032.095,-,113 564.5,5s25p3,2P°,3/2,5s<sup>2</sup>5p<sup>2</sup>(<sup>1</sup>D)5d,2D,5/2,,,https://physics.nist.gov/cgi-bin/ASBib1/get_ASBib_ref.cgi?db=el&amp;db_id=15043&amp;comment_code=&amp;element=Te&amp;spectr_charge=2&amp;ref=15043&amp;type=
112.4097,0.0011,112.4087,0.0003,100000,,,0.000,-,88 961.09,5s25p3,4S°,3/2,5s<sup>2</sup>5p<sup>2</sup>(<sup>3</sup>P)6s,2P,3/2,,,https://physics.nist.gov/cgi-bin/ASBib1/get_ASBib_ref.cgi?db=el&amp;db_id=15043&amp;comment_code=&amp;element=Te&amp;spectr_charge=2&amp;ref=15043&amp;type=
112.6159,0.0011,112.6175,0.0003,47000,,,0.000,-,88 796.16,5s25p3,4S°,3/2,5s<sup>2</sup>5p<sup>2</sup>(<sup>3</sup>P)5d,2P,1/2,,,https://physics.nist.gov/cgi-bin/ASBib1/get_ASBib_ref.cgi?db=el&amp;db_id=15043&amp;comment_code=&amp;element=Te&amp;spectr_charge=2&amp;ref=15043&amp;type=
113.0457,0.0011,113.0465,0.0008,35000,,,20 546.591,-,109 005.8,5s25p3,2P°,1/2,5s<sup>2</sup>5p<sup>2</sup>(<sup>1</sup>S)6s,2S,1/2,,,https://physics.nist.gov/cgi-bin/ASBib1/get_ASBib_ref.cgi?db=el&amp;db_id=15043&amp;comment_code=&amp;element=Te&amp;spectr_charge=2&amp;ref=15043&amp;type=
113.1044,0.0011,113.1043,0.0012,81000,,,12 421.854,-,100 835.8,5s25p3,2D°,5/2,5s<sup>2</sup>5p<sup>2</sup>(<sup>1</sup>D)5d,2G,7/2,,,https://physics.nist.gov/cgi-bin/ASBib1/get_ASBib_ref.cgi?db=el&amp;db_id=15043&amp;comment_code=&amp;element=Te&amp;spectr_charge=2&amp;ref=15043&amp;type=
113.8644,0.0011,113.8641,0.0006,34000,,,24 032.095,-,111 856.1,5s25p3,2P°,3/2,5s<sup>2</sup>5p<sup>2</sup>(<sup>1</sup>D)5d,2D,3/2,,,https://physics.nist.gov/cgi-bin/ASBib1/get_ASBib_ref.cgi?db=el&amp;db_id=15043&amp;comment_code=&amp;element=Te&amp;spectr_charge=2&amp;ref=15043&amp;type=
114.4099,0.0011,114.4105,0.0003,47000,,,0.000,-,87 404.54,5s25p3,4S°,3/2,5s(<sup>2</sup>S)5p<sup>4</sup>(<sup>1</sup>D),2D,5/2,,,https://physics.nist.gov/cgi-bin/ASBib1/get_ASBib_ref.cgi?db=el&amp;db_id=15043&amp;comment_code=&amp;element=Te&amp;spectr_charge=2&amp;ref=15043&amp;type=
115.2588,0.0011,115.2606,0.0003,57000,,,0.000,-,86 759.90,5s25p3,4S°,3/2,5s(<sup>2</sup>S)5p<sup>4</sup>(<sup>1</sup>D),2D,3/2,,,https://physics.nist.gov/cgi-bin/ASBib1/get_ASBib_ref.cgi?db=el&amp;db_id=15043&amp;comment_code=&amp;element=Te&amp;spectr_charge=2&amp;ref=15043&amp;type=
116.1377,0.0011,116.1383,0.0005,53000bl,,,24 032.095,-,110 136.3,5s25p3,2P°,3/2,5s<sup>2</sup>5p<sup>2</sup>(<sup>1</sup>D)5d,2P,3/2,,,https://physics.nist.gov/cgi-bin/ASBib1/get_ASBib_ref.cgi?db=el&amp;db_id=15043&amp;comment_code=&amp;element=Te&amp;spectr_charge=2&amp;ref=15043&amp;type=
116.8333,0.0011,116.8336,0.0003,110000,,,0.000,-,85 591.83,5s25p3,4S°,3/2,5s<sup>2</sup>5p<sup>2</sup>(<sup>3</sup>P)6s,4P,5/2,,,https://physics.nist.gov/cgi-bin/ASBib1/get_ASBib_ref.cgi?db=el&amp;db_id=15043&amp;comment_code=&amp;element=Te&amp;spectr_charge=2&amp;ref=15043&amp;type=
117.4281,0.0011,117.4265,0.0003,43000,,,0.000,-,85 159.66,5s25p3,4S°,3/2,5s<sup>2</sup>5p<sup>2</sup>(<sup>3</sup>P)5d,4F,3/2,,,https://physics.nist.gov/cgi-bin/ASBib1/get_ASBib_ref.cgi?db=el&amp;db_id=15043&amp;comment_code=&amp;element=Te&amp;spectr_charge=2&amp;ref=15043&amp;type=
117.5789,0.0011,117.5787,0.0003,69000,,,0.000,-,85 049.41,5s25p3,4S°,3/2,5s<sup>2</sup>5p<sup>2</sup>(<sup>3</sup>P)5d,4F,5/2,,,https://physics.nist.gov/cgi-bin/ASBib1/get_ASBib_ref.cgi?db=el&amp;db_id=15043&amp;comment_code=&amp;element=Te&amp;spectr_charge=2&amp;ref=15043&amp;type=
117.6671,0.0011,117.6665,0.0003,45000,,,10 222.385,-,95 208.37,5s25p3,2D°,3/2,5s<sup>2</sup>5p<sup>2</sup>(<sup>1</sup>D)6s,2D,3/2,,,https://physics.nist.gov/cgi-bin/ASBib1/get_ASBib_ref.cgi?db=el&amp;db_id=15043&amp;comment_code=&amp;element=Te&amp;spectr_charge=2&amp;ref=15043&amp;type=
117.6842,0.0011,117.6835,0.0008,28000,,,24 032.095,-,109 005.8,5s25p3,2P°,3/2,5s<sup>2</sup>5p<sup>2</sup>(<sup>1</sup>S)6s,2S,1/2,,,https://physics.nist.gov/cgi-bin/ASBib1/get_ASBib_ref.cgi?db=el&amp;db_id=15043&amp;comment_code=&amp;element=Te&amp;spectr_charge=2&amp;ref=15043&amp;type=
117.9425,0.0011,117.9422,0.0007,37000,,,24 032.095,-,108 819.4,5s25p3,2P°,3/2,5s<sup>2</sup>5p<sup>2</sup>(<sup>1</sup>D)5d,2F,5/2,,,https://physics.nist.gov/cgi-bin/ASBib1/get_ASBib_ref.cgi?db=el&amp;db_id=15043&amp;comment_code=&amp;element=Te&amp;spectr_charge=2&amp;ref=15043&amp;type=
118.1511,0.0011,118.1499,0.0003,30000,,,10 222.385,-,94 860.63,5s25p3,2D°,3/2,5s<sup>2</sup>5p<sup>2</sup>(<sup>1</sup>D)6s,2D,5/2,,,https://physics.nist.gov/cgi-bin/ASBib1/get_ASBib_ref.cgi?db=el&amp;db_id=15043&amp;comment_code=&amp;element=Te&amp;spectr_charge=2&amp;ref=15043&amp;type=
118.8880,0.0011,118.8880,0.0011,57000,,,12 421.854,-,96 534.6,5s25p3,2D°,5/2,5s<sup>2</sup>5p<sup>2</sup>(<sup>3</sup>P)5d,4D,7/2,,,https://physics.nist.gov/cgi-bin/ASBib1/get_ASBib_ref.cgi?db=el&amp;db_id=15043&amp;comment_code=&amp;element=Te&amp;spectr_charge=2&amp;ref=15043&amp;type=
119.6499,0.0011,119.6496,0.0003,32000,,,0.000,-,83 577.41,5s25p3,4S°,3/2,5s<sup>2</sup>5p<sup>2</sup>(<sup>3</sup>P)6s,2P,1/2,,,https://physics.nist.gov/cgi-bin/ASBib1/get_ASBib_ref.cgi?db=el&amp;db_id=15043&amp;comment_code=&amp;element=Te&amp;spectr_charge=2&amp;ref=15043&amp;type=
119.7761,0.0011,119.7752,0.0007,34000,,,24 032.095,-,107 521.8,5s25p3,2P°,3/2,5s<sup>2</sup>5p<sup>2</sup>(<sup>1</sup>D)5d,2P,1/2,,,https://physics.nist.gov/cgi-bin/ASBib1/get_ASBib_ref.cgi?db=el&amp;db_id=15043&amp;comment_code=&amp;element=Te&amp;spectr_charge=2&amp;ref=15043&amp;type=
120.7953,0.0011,120.7926,0.0003,24000,,,12 421.854,-,95 208.37,5s25p3,2D°,5/2,5s<sup>2</sup>5p<sup>2</sup>(<sup>1</sup>D)6s,2D,3/2,,,https://physics.nist.gov/cgi-bin/ASBib1/get_ASBib_ref.cgi?db=el&amp;db_id=15043&amp;comment_code=&amp;element=Te&amp;spectr_charge=2&amp;ref=15043&amp;type=
120.8564,0.0011,120.8557,0.0003,68000,,,0.000,-,82 743.33,5s25p3,4S°,3/2,5s<sup>2</sup>5p<sup>2</sup>(<sup>3</sup>P)6s,4P,3/2,,,https://physics.nist.gov/cgi-bin/ASBib1/get_ASBib_ref.cgi?db=el&amp;db_id=15043&amp;comment_code=&amp;element=Te&amp;spectr_charge=2&amp;ref=15043&amp;type=
121.1082,0.0011,121.1081,0.0003,40000,,,10 222.385,-,92 793.22,5s25p3,2D°,3/2,5s<sup>2</sup>5p<sup>2</sup>(<sup>3</sup>P)5d,4D,5/2,,,https://physics.nist.gov/cgi-bin/ASBib1/get_ASBib_ref.cgi?db=el&amp;db_id=15043&amp;comment_code=&amp;element=Te&amp;spectr_charge=2&amp;ref=15043&amp;type=
121.2583,0.0011,121.2575,0.0003,31000,,,10 222.385,-,92 691.51,5s25p3,2D°,3/2,5s<sup>2</sup>5p<sup>2</sup>(<sup>3</sup>P)5d,4D,1/2,,,https://physics.nist.gov/cgi-bin/ASBib1/get_ASBib_ref.cgi?db=el&amp;db_id=15043&amp;comment_code=&amp;element=Te&amp;spectr_charge=2&amp;ref=15043&amp;type=
121.3046,0.0011,121.3021,0.0003,52000,,,12 421.854,-,94 860.63,5s25p3,2D°,5/2,5s<sup>2</sup>5p<sup>2</sup>(<sup>1</sup>D)6s,2D,5/2,,,https://physics.nist.gov/cgi-bin/ASBib1/get_ASBib_ref.cgi?db=el&amp;db_id=15043&amp;comment_code=&amp;element=Te&amp;spectr_charge=2&amp;ref=15043&amp;type=
121.9969,0.0011,121.9972,0.0003,34000,,,10 222.385,-,92 191.47,5s25p3,2D°,3/2,5s<sup>2</sup>5p<sup>2</sup>(<sup>3</sup>P)5d,4D,3/2,,,https://physics.nist.gov/cgi-bin/ASBib1/get_ASBib_ref.cgi?db=el&amp;db_id=15043&amp;comment_code=&amp;element=Te&amp;spectr_charge=2&amp;ref=15043&amp;type=
122.1067,0.0011,122.1069,0.0003,51000,,,0.000,-,81 895.43,5s25p3,4S°,3/2,5s<sup>2</sup>5p<sup>2</sup>(<sup>3</sup>P)5d,2P,3/2,,,https://physics.nist.gov/cgi-bin/ASBib1/get_ASBib_ref.cgi?db=el&amp;db_id=15043&amp;comment_code=&amp;element=Te&amp;spectr_charge=2&amp;ref=15043&amp;type=
122.4029,0.0011,122.4020,0.0003,33000,,,20 546.591,-,102 244.60,5s25p3,2P°,1/2,5s<sup>2</sup>5p<sup>2</sup>(<sup>3</sup>P)5d,2D,3/2,,,https://physics.nist.gov/cgi-bin/ASBib1/get_ASBib_ref.cgi?db=el&amp;db_id=15043&amp;comment_code=&amp;element=Te&amp;spectr_charge=2&amp;ref=15043&amp;type=
122.5774,0.0011,122.5781,0.0003,18000,,,20 546.591,-,102 127.22,5s25p3,2P°,1/2,5s<sup>2</sup>5p<sup>2</sup>(<sup>3</sup>P)5d,4P,1/2,,,https://physics.nist.gov/cgi-bin/ASBib1/get_ASBib_ref.cgi?db=el&amp;db_id=15043&amp;comment_code=&amp;element=Te&amp;spectr_charge=2&amp;ref=15043&amp;type=
124.4211,0.0011,124.4224,0.0003,37000,,,12 421.854,-,92 793.22,5s25p3,2D°,5/2,5s<sup>2</sup>5p<sup>2</sup>(<sup>3</sup>P)5d,4D,5/2,,,https://physics.nist.gov/cgi-bin/ASBib1/get_ASBib_ref.cgi?db=el&amp;db_id=15043&amp;comment_code=&amp;element=Te&amp;spectr_charge=2&amp;ref=15043&amp;type=
124.6975,0.0011,124.6974,0.0003,23000,,,20 546.591,-,100 740.75,5s25p3,2P°,1/2,5s<sup>2</sup>5p<sup>2</sup>(<sup>3</sup>P)5d,4P,3/2,,,https://physics.nist.gov/cgi-bin/ASBib1/get_ASBib_ref.cgi?db=el&amp;db_id=15043&amp;comment_code=&amp;element=Te&amp;spectr_charge=2&amp;ref=15043&amp;type=
125.3620,0.0011,125.3610,0.0003,41000,,,12 421.854,-,92 191.47,5s25p3,2D°,5/2,5s<sup>2</sup>5p<sup>2</sup>(<sup>3</sup>P)5d,4D,3/2,,,https://physics.nist.gov/cgi-bin/ASBib1/get_ASBib_ref.cgi?db=el&amp;db_id=15043&amp;comment_code=&amp;element=Te&amp;spectr_charge=2&amp;ref=15043&amp;type=
127.0024,0.0011,127.0023,0.0003,31000,,,10 222.385,-,88 961.09,5s25p3,2D°,3/2,5s<sup>2</sup>5p<sup>2</sup>(<sup>3</sup>P)6s,2P,3/2,,,https://physics.nist.gov/cgi-bin/ASBib1/get_ASBib_ref.cgi?db=el&amp;db_id=15043&amp;comment_code=&amp;element=Te&amp;spectr_charge=2&amp;ref=15043&amp;type=
127.0593,0.0011,127.0609,0.0003,32000,,,10 222.385,-,88 924.81,5s25p3,2D°,3/2,5s<sup>2</sup>5p<sup>2</sup>(<sup>3</sup>P)5d,2F,5/2,,,https://physics.nist.gov/cgi-bin/ASBib1/get_ASBib_ref.cgi?db=el&amp;db_id=15043&amp;comment_code=&amp;element=Te&amp;spectr_charge=2&amp;ref=15043&amp;type=
127.1113,0.0011,127.1110,0.0006,18000,,,24 032.095,-,102 703.5,5s25p3,2P°,3/2,5s<sup>2</sup>5p<sup>2</sup>(<sup>3</sup>P)5d,2D,5/2,,,https://physics.nist.gov/cgi-bin/ASBib1/get_ASBib_ref.cgi?db=el&amp;db_id=15043&amp;comment_code=&amp;element=Te&amp;spectr_charge=2&amp;ref=15043&amp;type=
127.2689,0.0011,127.2689,0.0003,30000,,,10 222.385,-,88 796.16,5s25p3,2D°,3/2,5s<sup>2</sup>5p<sup>2</sup>(<sup>3</sup>P)5d,2P,1/2,,,https://physics.nist.gov/cgi-bin/ASBib1/get_ASBib_ref.cgi?db=el&amp;db_id=15043&amp;comment_code=&amp;element=Te&amp;spectr_charge=2&amp;ref=15043&amp;type=
127.4738,0.0011,127.4726,0.0003,59000,,,0.000,-,78 448.22,5s25p3,4S°,3/2,5s<sup>2</sup>5p<sup>2</sup>(<sup>3</sup>P)6s,4P,1/2,,,https://physics.nist.gov/cgi-bin/ASBib1/get_ASBib_ref.cgi?db=el&amp;db_id=15043&amp;comment_code=&amp;element=Te&amp;spectr_charge=2&amp;ref=15043&amp;type=
127.8571,0.0011,127.8568,0.0003,15000,,,24 032.095,-,102 244.60,5s25p3,2P°,3/2,5s<sup>2</sup>5p<sup>2</sup>(<sup>3</sup>P)5d,2D,3/2,,,https://physics.nist.gov/cgi-bin/ASBib1/get_ASBib_ref.cgi?db=el&amp;db_id=15043&amp;comment_code=&amp;element=Te&amp;spectr_charge=2&amp;ref=15043&amp;type=
128.0457,0.0011,128.0490,0.0003,24000,,,24 032.095,-,102 127.22,5s25p3,2P°,3/2,5s<sup>2</sup>5p<sup>2</sup>(<sup>3</sup>P)5d,4P,1/2,,,https://physics.nist.gov/cgi-bin/ASBib1/get_ASBib_ref.cgi?db=el&amp;db_id=15043&amp;comment_code=&amp;element=Te&amp;spectr_charge=2&amp;ref=15043&amp;type=
129.5639,0.0011,129.5636,0.0003,24000,,,10 222.385,-,87 404.54,5s25p3,2D°,3/2,5s(<sup>2</sup>S)5p<sup>4</sup>(<sup>1</sup>D),2D,5/2,,,https://physics.nist.gov/cgi-bin/ASBib1/get_ASBib_ref.cgi?db=el&amp;db_id=15043&amp;comment_code=&amp;element=Te&amp;spectr_charge=2&amp;ref=15043&amp;type=
129.8069,0.0011,129.8140,0.0003,69000bl,,,24 032.095,-,101 065.37,5s25p3,2P°,3/2,5s<sup>2</sup>5p<sup>2</sup>(<sup>1</sup>D)5d,2S,1/2,,,https://physics.nist.gov/cgi-bin/ASBib1/get_ASBib_ref.cgi?db=el&amp;db_id=15043&amp;comment_code=&amp;element=Te&amp;spectr_charge=2&amp;ref=15043&amp;type=
130.3648,0.0011,130.3634,0.0003,13000,,,24 032.095,-,100 740.75,5s25p3,2P°,3/2,5s<sup>2</sup>5p<sup>2</sup>(<sup>3</sup>P)5d,4P,3/2,,,https://physics.nist.gov/cgi-bin/ASBib1/get_ASBib_ref.cgi?db=el&amp;db_id=15043&amp;comment_code=&amp;element=Te&amp;spectr_charge=2&amp;ref=15043&amp;type=
130.6523,0.0011,130.6519,0.0003,33000*,,,12 421.854,-,88 961.09,5s25p3,2D°,5/2,5s<sup>2</sup>5p<sup>2</sup>(<sup>3</sup>P)6s,2P,3/2,,,https://physics.nist.gov/cgi-bin/ASBib1/get_ASBib_ref.cgi?db=el&amp;db_id=15043&amp;comment_code=&amp;element=Te&amp;spectr_charge=2&amp;ref=15043&amp;type=
130.6523,0.0011,130.6549,0.0003,33000*,,,10 222.385,-,86 759.90,5s25p3,2D°,3/2,5s(<sup>2</sup>S)5p<sup>4</sup>(<sup>1</sup>D),2D,3/2,,,https://physics.nist.gov/cgi-bin/ASBib1/get_ASBib_ref.cgi?db=el&amp;db_id=15043&amp;comment_code=&amp;element=Te&amp;spectr_charge=2&amp;ref=15043&amp;type=
130.7130,0.0011,130.7139,0.0003,21000,,,12 421.854,-,88 924.81,5s25p3,2D°,5/2,5s<sup>2</sup>5p<sup>2</sup>(<sup>3</sup>P)5d,2F,5/2,,,https://physics.nist.gov/cgi-bin/ASBib1/get_ASBib_ref.cgi?db=el&amp;db_id=15043&amp;comment_code=&amp;element=Te&amp;spectr_charge=2&amp;ref=15043&amp;type=
131.0609,0.0011,131.0601,0.0003,38000,,,0.000,-,76 300.87,5s25p3,4S°,3/2,5s(<sup>2</sup>S)5p<sup>4</sup>(<sup>3</sup>P),4P,1/2,,,https://physics.nist.gov/cgi-bin/ASBib1/get_ASBib_ref.cgi?db=el&amp;db_id=15043&amp;comment_code=&amp;element=Te&amp;spectr_charge=2&amp;ref=15043&amp;type=
132.4914,0.0011,132.4889,0.0004,26000,,,12 421.854,-,87 899.86,5s25p3,2D°,5/2,5s<sup>2</sup>5p<sup>2</sup>(<sup>3</sup>P)5d,4F,7/2,,,https://physics.nist.gov/cgi-bin/ASBib1/get_ASBib_ref.cgi?db=el&amp;db_id=15043&amp;comment_code=&amp;element=Te&amp;spectr_charge=2&amp;ref=15043&amp;type=
132.9828,0.0011,132.9830,0.0004,9400,,,24 032.095,-,99 229.68,5s25p3,2P°,3/2,5s<sup>2</sup>5p<sup>2</sup>(<sup>3</sup>P)5d,4P,5/2,,,https://physics.nist.gov/cgi-bin/ASBib1/get_ASBib_ref.cgi?db=el&amp;db_id=15043&amp;comment_code=&amp;element=Te&amp;spectr_charge=2&amp;ref=15043&amp;type=
133.4472,0.0011,133.4449,0.0004,26000,,,10 222.385,-,85 159.66,5s25p3,2D°,3/2,5s<sup>2</sup>5p<sup>2</sup>(<sup>3</sup>P)5d,4F,3/2,,,https://physics.nist.gov/cgi-bin/ASBib1/get_ASBib_ref.cgi?db=el&amp;db_id=15043&amp;comment_code=&amp;element=Te&amp;spectr_charge=2&amp;ref=15043&amp;type=
133.6427,0.0011,133.6416,0.0004,28000,,,10 222.385,-,85 049.41,5s25p3,2D°,3/2,5s<sup>2</sup>5p<sup>2</sup>(<sup>3</sup>P)5d,4F,5/2,,,https://physics.nist.gov/cgi-bin/ASBib1/get_ASBib_ref.cgi?db=el&amp;db_id=15043&amp;comment_code=&amp;element=Te&amp;spectr_charge=2&amp;ref=15043&amp;type=
134.5207,0.0011,134.5206,0.0004,35000,,,12 421.854,-,86 759.90,5s25p3,2D°,5/2,5s(<sup>2</sup>S)5p<sup>4</sup>(<sup>1</sup>D),2D,3/2,,,https://physics.nist.gov/cgi-bin/ASBib1/get_ASBib_ref.cgi?db=el&amp;db_id=15043&amp;comment_code=&amp;element=Te&amp;spectr_charge=2&amp;ref=15043&amp;type=
136.3234,0.0011,136.3233,0.0004,30000,,,10 222.385,-,83 577.41,5s25p3,2D°,3/2,5s<sup>2</sup>5p<sup>2</sup>(<sup>3</sup>P)6s,2P,1/2,,,https://physics.nist.gov/cgi-bin/ASBib1/get_ASBib_ref.cgi?db=el&amp;db_id=15043&amp;comment_code=&amp;element=Te&amp;spectr_charge=2&amp;ref=15043&amp;type=
136.6680,0.0011,136.6681,0.0004,30000,,,12 421.854,-,85 591.83,5s25p3,2D°,5/2,5s<sup>2</sup>5p<sup>2</sup>(<sup>3</sup>P)6s,4P,5/2,,,https://physics.nist.gov/cgi-bin/ASBib1/get_ASBib_ref.cgi?db=el&amp;db_id=15043&amp;comment_code=&amp;element=Te&amp;spectr_charge=2&amp;ref=15043&amp;type=
137.4812,0.0011,137.4801,0.0004,28000,,,12 421.854,-,85 159.66,5s25p3,2D°,5/2,5s<sup>2</sup>5p<sup>2</sup>(<sup>3</sup>P)5d,4F,3/2,,,https://physics.nist.gov/cgi-bin/ASBib1/get_ASBib_ref.cgi?db=el&amp;db_id=15043&amp;comment_code=&amp;element=Te&amp;spectr_charge=2&amp;ref=15043&amp;type=
137.6898,0.0011,137.6888,0.0004,12000,,,12 421.854,-,85 049.41,5s25p3,2D°,5/2,5s<sup>2</sup>5p<sup>2</sup>(<sup>3</sup>P)5d,4F,5/2,,,https://physics.nist.gov/cgi-bin/ASBib1/get_ASBib_ref.cgi?db=el&amp;db_id=15043&amp;comment_code=&amp;element=Te&amp;spectr_charge=2&amp;ref=15043&amp;type=
137.8930,0.0011,137.8912,0.0004,14000,,,10 222.385,-,82 743.33,5s25p3,2D°,3/2,5s<sup>2</sup>5p<sup>2</sup>(<sup>3</sup>P)6s,4P,3/2,,,https://physics.nist.gov/cgi-bin/ASBib1/get_ASBib_ref.cgi?db=el&amp;db_id=15043&amp;comment_code=&amp;element=Te&amp;spectr_charge=2&amp;ref=15043&amp;type=
138.6115,0.0011,138.6099,0.0004,16000,,,20 546.591,-,92 691.51,5s25p3,2P°,1/2,5s<sup>2</sup>5p<sup>2</sup>(<sup>3</sup>P)5d,4D,1/2,,,https://physics.nist.gov/cgi-bin/ASBib1/get_ASBib_ref.cgi?db=el&amp;db_id=15043&amp;comment_code=&amp;element=Te&amp;spectr_charge=2&amp;ref=15043&amp;type=
139.5235,0.0011,139.5225,0.0004,19000,,,10 222.385,-,81 895.43,5s25p3,2D°,3/2,5s<sup>2</sup>5p<sup>2</sup>(<sup>3</sup>P)5d,2P,3/2,,,https://physics.nist.gov/cgi-bin/ASBib1/get_ASBib_ref.cgi?db=el&amp;db_id=15043&amp;comment_code=&amp;element=Te&amp;spectr_charge=2&amp;ref=15043&amp;type=
139.5784,0.0011,139.5773,0.0004,13000,,,20 546.591,-,92 191.47,5s25p3,2P°,1/2,5s<sup>2</sup>5p<sup>2</sup>(<sup>3</sup>P)5d,4D,3/2,,,https://physics.nist.gov/cgi-bin/ASBib1/get_ASBib_ref.cgi?db=el&amp;db_id=15043&amp;comment_code=&amp;element=Te&amp;spectr_charge=2&amp;ref=15043&amp;type=
140.4662,0.0011,140.464183,0.000014,24000,,,0.000,-,71 192.526,5s25p3,4S°,3/2,5s(<sup>2</sup>S)5p<sup>4</sup>(<sup>3</sup>P),4P,5/2,,,https://physics.nist.gov/cgi-bin/ASBib1/get_ASBib_ref.cgi?db=el&amp;db_id=15043&amp;comment_code=&amp;element=Te&amp;spectr_charge=2&amp;ref=15043&amp;type=
140.4984,0.0011,140.4963,0.0004,17000,,,24 032.095,-,95 208.37,5s25p3,2P°,3/2,5s<sup>2</sup>5p<sup>2</sup>(<sup>1</sup>D)6s,2D,3/2,,,https://physics.nist.gov/cgi-bin/ASBib1/get_ASBib_ref.cgi?db=el&amp;db_id=15043&amp;comment_code=&amp;element=Te&amp;spectr_charge=2&amp;ref=15043&amp;type=
142.2069,0.0011,142.2041,0.0004,7700,,,12 421.854,-,82 743.33,5s25p3,2D°,5/2,5s<sup>2</sup>5p<sup>2</sup>(<sup>3</sup>P)6s,4P,3/2,,,https://physics.nist.gov/cgi-bin/ASBib1/get_ASBib_ref.cgi?db=el&amp;db_id=15043&amp;comment_code=&amp;element=Te&amp;spectr_charge=2&amp;ref=15043&amp;type=
143.9406,0.0011,143.9396,0.0004,31000,,,12 421.854,-,81 895.43,5s25p3,2D°,5/2,5s<sup>2</sup>5p<sup>2</sup>(<sup>3</sup>P)5d,2P,3/2,,,https://physics.nist.gov/cgi-bin/ASBib1/get_ASBib_ref.cgi?db=el&amp;db_id=15043&amp;comment_code=&amp;element=Te&amp;spectr_charge=2&amp;ref=15043&amp;type=
146.1663,0.0011,146.1678,0.0004,12000,,,20 546.591,-,88 961.09,5s25p3,2P°,1/2,5s<sup>2</sup>5p<sup>2</sup>(<sup>3</sup>P)6s,2P,3/2,,,https://physics.nist.gov/cgi-bin/ASBib1/get_ASBib_ref.cgi?db=el&amp;db_id=15043&amp;comment_code=&amp;element=Te&amp;spectr_charge=2&amp;ref=15043&amp;type=
146.5206,0.0011,146.5211,0.0004,12000,,,20 546.591,-,88 796.16,5s25p3,2P°,1/2,5s<sup>2</sup>5p<sup>2</sup>(<sup>3</sup>P)5d,2P,1/2,,,https://physics.nist.gov/cgi-bin/ASBib1/get_ASBib_ref.cgi?db=el&amp;db_id=15043&amp;comment_code=&amp;element=Te&amp;spectr_charge=2&amp;ref=15043&amp;type=
146.5715,0.0011,146.5720,0.0004,10000,,,10 222.385,-,78 448.22,5s25p3,2D°,3/2,5s<sup>2</sup>5p<sup>2</sup>(<sup>3</sup>P)6s,4P,1/2,,,https://physics.nist.gov/cgi-bin/ASBib1/get_ASBib_ref.cgi?db=el&amp;db_id=15043&amp;comment_code=&amp;element=Te&amp;spectr_charge=2&amp;ref=15043&amp;type=
146.7147,0.0011,146.7150,0.0004,4200,,,24 032.095,-,92 191.47,5s25p3,2P°,3/2,5s<sup>2</sup>5p<sup>2</sup>(<sup>3</sup>P)5d,4D,3/2,,,https://physics.nist.gov/cgi-bin/ASBib1/get_ASBib_ref.cgi?db=el&amp;db_id=15043&amp;comment_code=&amp;element=Te&amp;spectr_charge=2&amp;ref=15043&amp;type=
148.956,0.007,,,10000,,,,,,,,,,,,,,https://physics.nist.gov/cgi-bin/ASBib1/get_ASBib_ref.cgi?db=el&amp;db_id=3546&amp;comment_code=&amp;element=Te&amp;spectr_charge=2&amp;ref=3546&amp;type=
151.3354,0.0011,151.3352,0.0005,4600,,,10 222.385,-,76 300.87,5s25p3,2D°,3/2,5s(<sup>2</sup>S)5p<sup>4</sup>(<sup>3</sup>P),4P,1/2,,,https://physics.nist.gov/cgi-bin/ASBib1/get_ASBib_ref.cgi?db=el&amp;db_id=15043&amp;comment_code=&amp;element=Te&amp;spectr_charge=2&amp;ref=15043&amp;type=
154.0137,0.0011,154.0144,0.0005,4600,,,24 032.095,-,88 961.09,5s25p3,2P°,3/2,5s<sup>2</sup>5p<sup>2</sup>(<sup>3</sup>P)6s,2P,3/2,,,https://physics.nist.gov/cgi-bin/ASBib1/get_ASBib_ref.cgi?db=el&amp;db_id=15043&amp;comment_code=&amp;element=Te&amp;spectr_charge=2&amp;ref=15043&amp;type=
154.4061,0.0011,154.4066,0.0005,2000,,,24 032.095,-,88 796.16,5s25p3,2P°,3/2,5s<sup>2</sup>5p<sup>2</sup>(<sup>3</sup>P)5d,2P,1/2,,,https://physics.nist.gov/cgi-bin/ASBib1/get_ASBib_ref.cgi?db=el&amp;db_id=15043&amp;comment_code=&amp;element=Te&amp;spectr_charge=2&amp;ref=15043&amp;type=
154.6279,0.0011,154.6288,0.0005,3900,,,10 222.385,-,74 893.40,5s25p3,2D°,3/2,5s(<sup>2</sup>S)5p<sup>4</sup>(<sup>3</sup>P),4P,3/2,,,https://physics.nist.gov/cgi-bin/ASBib1/get_ASBib_ref.cgi?db=el&amp;db_id=15043&amp;comment_code=&amp;element=Te&amp;spectr_charge=2&amp;ref=15043&amp;type=
154.7712,0.0011,154.7675,0.0005,2200,,,20 546.591,-,85 159.66,5s25p3,2P°,1/2,5s<sup>2</sup>5p<sup>2</sup>(<sup>3</sup>P)5d,4F,3/2,,,https://physics.nist.gov/cgi-bin/ASBib1/get_ASBib_ref.cgi?db=el&amp;db_id=15043&amp;comment_code=&amp;element=Te&amp;spectr_charge=2&amp;ref=15043&amp;type=
158.6496,0.0011,158.6525,0.0005,3800,,,20 546.591,-,83 577.41,5s25p3,2P°,1/2,5s<sup>2</sup>5p<sup>2</sup>(<sup>3</sup>P)6s,2P,1/2,,,https://physics.nist.gov/cgi-bin/ASBib1/get_ASBib_ref.cgi?db=el&amp;db_id=15043&amp;comment_code=&amp;element=Te&amp;spectr_charge=2&amp;ref=15043&amp;type=
159.4179,0.0011,159.4189,0.0005,2700,,,24 032.095,-,86 759.90,5s25p3,2P°,3/2,5s(<sup>2</sup>S)5p<sup>4</sup>(<sup>1</sup>D),2D,3/2,,,https://physics.nist.gov/cgi-bin/ASBib1/get_ASBib_ref.cgi?db=el&amp;db_id=15043&amp;comment_code=&amp;element=Te&amp;spectr_charge=2&amp;ref=15043&amp;type=
160.0748,0.0011,160.0729,0.0005,5000,,,12 421.854,-,74 893.40,5s25p3,2D°,5/2,5s(<sup>2</sup>S)5p<sup>4</sup>(<sup>3</sup>P),4P,3/2,,,https://physics.nist.gov/cgi-bin/ASBib1/get_ASBib_ref.cgi?db=el&amp;db_id=15043&amp;comment_code=&amp;element=Te&amp;spectr_charge=2&amp;ref=15043&amp;type=
160.7839,0.0011,160.7801,0.0005,4300,,,20 546.591,-,82 743.33,5s25p3,2P°,1/2,5s<sup>2</sup>5p<sup>2</sup>(<sup>3</sup>P)6s,4P,3/2,,,https://physics.nist.gov/cgi-bin/ASBib1/get_ASBib_ref.cgi?db=el&amp;db_id=15043&amp;comment_code=&amp;element=Te&amp;spectr_charge=2&amp;ref=15043&amp;type=
160.841,0.007,,,5100,,,,,,,,,,,,,,https://physics.nist.gov/cgi-bin/ASBib1/get_ASBib_ref.cgi?db=el&amp;db_id=3546&amp;comment_code=&amp;element=Te&amp;spectr_charge=2&amp;ref=3546&amp;type=
161.315,0.007,,,5000,,,,,,,,,,,,,,https://physics.nist.gov/cgi-bin/ASBib1/get_ASBib_ref.cgi?db=el&amp;db_id=3546&amp;comment_code=&amp;element=Te&amp;spectr_charge=2&amp;ref=3546&amp;type=
163.0032,0.0011,163.0023,0.0005,2400,,,20 546.591,-,81 895.43,5s25p3,2P°,1/2,5s<sup>2</sup>5p<sup>2</sup>(<sup>3</sup>P)5d,2P,3/2,,,https://physics.nist.gov/cgi-bin/ASBib1/get_ASBib_ref.cgi?db=el&amp;db_id=15043&amp;comment_code=&amp;element=Te&amp;spectr_charge=2&amp;ref=15043&amp;type=
163.5928,0.0011,163.5923,0.0005,2300,,,24 032.095,-,85 159.66,5s25p3,2P°,3/2,5s<sup>2</sup>5p<sup>2</sup>(<sup>3</sup>P)5d,4F,3/2,,,https://physics.nist.gov/cgi-bin/ASBib1/get_ASBib_ref.cgi?db=el&amp;db_id=15043&amp;comment_code=&amp;element=Te&amp;spectr_charge=2&amp;ref=15043&amp;type=
163.8928,0.0011,163.8879,0.0005,5300,,,24 032.095,-,85 049.41,5s25p3,2P°,3/2,5s<sup>2</sup>5p<sup>2</sup>(<sup>3</sup>P)5d,4F,5/2,,,https://physics.nist.gov/cgi-bin/ASBib1/get_ASBib_ref.cgi?db=el&amp;db_id=15043&amp;comment_code=&amp;element=Te&amp;spectr_charge=2&amp;ref=15043&amp;type=
164.0143,0.0011,164.014710,0.000022,2900,,,10 222.385,-,71 192.526,5s25p3,2D°,3/2,5s(<sup>2</sup>S)5p<sup>4</sup>(<sup>3</sup>P),4P,5/2,,,https://physics.nist.gov/cgi-bin/ASBib1/get_ASBib_ref.cgi?db=el&amp;db_id=15043&amp;comment_code=&amp;element=Te&amp;spectr_charge=2&amp;ref=15043&amp;type=
170.1537,0.0011,170.152895,0.000023,3700,,,12 421.854,-,71 192.526,5s25p3,2D°,5/2,5s(<sup>2</sup>S)5p<sup>4</sup>(<sup>3</sup>P),4P,5/2,,,https://physics.nist.gov/cgi-bin/ASBib1/get_ASBib_ref.cgi?db=el&amp;db_id=15043&amp;comment_code=&amp;element=Te&amp;spectr_charge=2&amp;ref=15043&amp;type=
172.7056,0.0011,172.7067,0.0006,1200,,,20 546.591,-,78 448.22,5s25p3,2P°,1/2,5s<sup>2</sup>5p<sup>2</sup>(<sup>3</sup>P)6s,4P,1/2,,,https://physics.nist.gov/cgi-bin/ASBib1/get_ASBib_ref.cgi?db=el&amp;db_id=15043&amp;comment_code=&amp;element=Te&amp;spectr_charge=2&amp;ref=15043&amp;type=
172.8193,0.0011,172.8210,0.0006,1400,,,24 032.095,-,81 895.43,5s25p3,2P°,3/2,5s<sup>2</sup>5p<sup>2</sup>(<sup>3</sup>P)5d,2P,3/2,,,https://physics.nist.gov/cgi-bin/ASBib1/get_ASBib_ref.cgi?db=el&amp;db_id=15043&amp;comment_code=&amp;element=Te&amp;spectr_charge=2&amp;ref=15043&amp;type=
179.3603,0.0011,179.3584,0.0006,1300,,,20 546.591,-,76 300.87,5s25p3,2P°,1/2,5s(<sup>2</sup>S)5p<sup>4</sup>(<sup>3</sup>P),4P,1/2,,,https://physics.nist.gov/cgi-bin/ASBib1/get_ASBib_ref.cgi?db=el&amp;db_id=15043&amp;comment_code=&amp;element=Te&amp;spectr_charge=2&amp;ref=15043&amp;type=
183.7705,0.0011,183.7691,0.0007,580,,,24 032.095,-,78 448.22,5s25p3,2P°,3/2,5s<sup>2</sup>5p<sup>2</sup>(<sup>3</sup>P)6s,4P,1/2,,,https://physics.nist.gov/cgi-bin/ASBib1/get_ASBib_ref.cgi?db=el&amp;db_id=15043&amp;comment_code=&amp;element=Te&amp;spectr_charge=2&amp;ref=15043&amp;type=
196.287805,0.003000,196.2887,0.0008,2200,,,71 192.526,-,122 137.90,5s(2S)5p4(3P),4P,5/2,5s<sup>2</sup>5p<sup>2</sup>(<sup>3</sup>P)4f,4D°,7/2,,,https://physics.nist.gov/cgi-bin/ASBib1/get_ASBib_ref.cgi?db=el&amp;db_id=3546&amp;comment_code=&amp;element=Te&amp;spectr_charge=2&amp;ref=3546&amp;type=
237.306,0.007,,,900,,,,,,,,,,,,,,https://physics.nist.gov/cgi-bin/ASBib1/get_ASBib_ref.cgi?db=el&amp;db_id=3546&amp;comment_code=&amp;element=Te&amp;spectr_charge=2&amp;ref=3546&amp;type=
238.782,0.007,238.7899,0.0016,510,,,83 577.41,-,125 442.46,5s25p2(3P)6s,2P,1/2,5s<sup>2</sup>5p<sup>2</sup>(<sup>3</sup>P)4f,2D°,3/2,,,https://physics.nist.gov/cgi-bin/ASBib1/get_ASBib_ref.cgi?db=el&amp;db_id=3546&amp;comment_code=&amp;element=Te&amp;spectr_charge=2&amp;ref=3546&amp;type=
240.163,0.007,,,490,,,,,,,,,,,,,,https://physics.nist.gov/cgi-bin/ASBib1/get_ASBib_ref.cgi?db=el&amp;db_id=3546&amp;comment_code=&amp;element=Te&amp;spectr_charge=2&amp;ref=3546&amp;type=
243.647,0.007,,,660,,,,,,,,,,,,,,https://physics.nist.gov/cgi-bin/ASBib1/get_ASBib_ref.cgi?db=el&amp;db_id=3546&amp;comment_code=&amp;element=Te&amp;spectr_charge=2&amp;ref=3546&amp;type=
243.869,0.007,243.8750,0.0017,1400,,,81 895.43,-,122 887.62,5s25p2(3P)5d,2P,3/2,5s<sup>2</sup>5p<sup>2</sup>(<sup>3</sup>P)4f,4D°,5/2,,,https://physics.nist.gov/cgi-bin/ASBib1/get_ASBib_ref.cgi?db=el&amp;db_id=3546&amp;comment_code=&amp;element=Te&amp;spectr_charge=2&amp;ref=3546&amp;type=
256.782,0.007,,,600,,,,,,,,,,,,,,https://physics.nist.gov/cgi-bin/ASBib1/get_ASBib_ref.cgi?db=el&amp;db_id=3546&amp;comment_code=&amp;element=Te&amp;spectr_charge=2&amp;ref=3546&amp;type=
257.496,0.007,,,300,,,,,,,,,,,,,,https://physics.nist.gov/cgi-bin/ASBib1/get_ASBib_ref.cgi?db=el&amp;db_id=3546&amp;comment_code=&amp;element=Te&amp;spectr_charge=2&amp;ref=3546&amp;type=
257.610,0.004,,,190,,,,,,,,,,,,,,https://physics.nist.gov/cgi-bin/ASBib1/get_ASBib_ref.cgi?db=el&amp;db_id=3546&amp;comment_code=&amp;element=Te&amp;spectr_charge=2&amp;ref=3546&amp;type=
257.924,0.004,257.9228,0.0019,1600,,,87 404.54,-,126 164.22,5s(2S)5p4(1D),2D,5/2,5s<sup>2</sup>5p<sup>2</sup>(<sup>3</sup>P)4f,2F°,7/2,,,https://physics.nist.gov/cgi-bin/ASBib1/get_ASBib_ref.cgi?db=el&amp;db_id=3546&amp;comment_code=&amp;element=Te&amp;spectr_charge=2&amp;ref=3546&amp;type=
259.112,0.007,259.1293,0.0019,300,,,87 404.54,-,125 983.78,5s(2S)5p4(1D),2D,5/2,5s<sup>2</sup>5p<sup>2</sup>(<sup>3</sup>P)4f,4F°,7/2,,,https://physics.nist.gov/cgi-bin/ASBib1/get_ASBib_ref.cgi?db=el&amp;db_id=3546&amp;comment_code=&amp;element=Te&amp;spectr_charge=2&amp;ref=3546&amp;type=
259.285,0.007,,,300,,,,,,,,,,,,,,https://physics.nist.gov/cgi-bin/ASBib1/get_ASBib_ref.cgi?db=el&amp;db_id=3546&amp;comment_code=&amp;element=Te&amp;spectr_charge=2&amp;ref=3546&amp;type=
260.572,0.007,,,300,,,,,,,,,,,,,,https://physics.nist.gov/cgi-bin/ASBib1/get_ASBib_ref.cgi?db=el&amp;db_id=3546&amp;comment_code=&amp;element=Te&amp;spectr_charge=2&amp;ref=3546&amp;type=
262.192,0.007,,,100,,,,,,,,,,,,,,https://physics.nist.gov/cgi-bin/ASBib1/get_ASBib_ref.cgi?db=el&amp;db_id=3546&amp;comment_code=&amp;element=Te&amp;spectr_charge=2&amp;ref=3546&amp;type=
262.486,0.007,262.4997,0.0020,290,,,87 899.86,-,125 983.78,5s25p2(3P)5d,4F,7/2,5s<sup>2</sup>5p<sup>2</sup>(<sup>3</sup>P)4f,4F°,7/2,,,https://physics.nist.gov/cgi-bin/ASBib1/get_ASBib_ref.cgi?db=el&amp;db_id=3546&amp;comment_code=&amp;element=Te&amp;spectr_charge=2&amp;ref=3546&amp;type=
262.797,0.007,262.8029,0.0025,570,,,92 793.22,-,130 833.2?,5s25p2(3P)5d,4D,5/2,5s<sup>2</sup>5p<sup>2</sup>(<sup>3</sup>P)5f?,130°,3/2,,,https://physics.nist.gov/cgi-bin/ASBib1/get_ASBib_ref.cgi?db=el&amp;db_id=3546&amp;comment_code=&amp;element=Te&amp;spectr_charge=2&amp;ref=3546&amp;type=
264.189,0.007,264.2044,0.0020,600,,,85 049.41,-,122 887.62,5s25p2(3P)5d,4F,5/2,5s<sup>2</sup>5p<sup>2</sup>(<sup>3</sup>P)4f,4D°,5/2,,,https://physics.nist.gov/cgi-bin/ASBib1/get_ASBib_ref.cgi?db=el&amp;db_id=3546&amp;comment_code=&amp;element=Te&amp;spectr_charge=2&amp;ref=3546&amp;type=
264.848,0.007,264.8605,0.0020,560,,,87 899.86,-,125 644.34,5s25p2(3P)5d,4F,7/2,5s<sup>2</sup>5p<sup>2</sup>(<sup>3</sup>P)4f,4F°,9/2,,,https://physics.nist.gov/cgi-bin/ASBib1/get_ASBib_ref.cgi?db=el&amp;db_id=3546&amp;comment_code=&amp;element=Te&amp;spectr_charge=2&amp;ref=3546&amp;type=
264.966,0.007,264.9765,0.0020,1800,,,85 159.66,-,122 887.62,5s25p2(3P)5d,4F,3/2,5s<sup>2</sup>5p<sup>2</sup>(<sup>3</sup>P)4f,4D°,5/2,,,https://physics.nist.gov/cgi-bin/ASBib1/get_ASBib_ref.cgi?db=el&amp;db_id=3546&amp;comment_code=&amp;element=Te&amp;spectr_charge=2&amp;ref=3546&amp;type=
265.770,0.007,265.7685,0.0020,870,,,85 159.66,-,122 775.20,5s25p2(3P)5d,4F,3/2,5s<sup>2</sup>5p<sup>2</sup>(<sup>3</sup>P)4f,4F°,3/2,,,https://physics.nist.gov/cgi-bin/ASBib1/get_ASBib_ref.cgi?db=el&amp;db_id=3546&amp;comment_code=&amp;element=Te&amp;spectr_charge=2&amp;ref=3546&amp;type=
266.110,0.007,266.1102,0.0020,1700,,,85 049.41,-,122 616.65,5s25p2(3P)5d,4F,5/2,5s<sup>2</sup>5p<sup>2</sup>(<sup>3</sup>P)4f,2G°,7/2,,,https://physics.nist.gov/cgi-bin/ASBib1/get_ASBib_ref.cgi?db=el&amp;db_id=3546&amp;comment_code=&amp;element=Te&amp;spectr_charge=2&amp;ref=3546&amp;type=
271.1574,0.0014,271.1567,0.0021,2000,,,85 159.66,-,122 027.77,5s25p2(3P)5d,4F,3/2,5s<sup>2</sup>5p<sup>2</sup>(<sup>3</sup>P)4f,2D°,5/2,,,https://physics.nist.gov/cgi-bin/ASBib1/get_ASBib_ref.cgi?db=el&amp;db_id=3546&amp;comment_code=&amp;element=Te&amp;spectr_charge=2&amp;ref=3546&amp;type=
284.1172,0.0014,284.1158,0.0023,1600,,,90 797.21,-,125 983.78,5s25p2(1D)5d,2F,7/2,5s<sup>2</sup>5p<sup>2</sup>(<sup>3</sup>P)4f,4F°,7/2,,,https://physics.nist.gov/cgi-bin/ASBib1/get_ASBib_ref.cgi?db=el&amp;db_id=3546&amp;comment_code=&amp;element=Te&amp;spectr_charge=2&amp;ref=3546&amp;type=
284.6154,0.0014,284.6165,0.0023,970,,,90 519.67,-,125 644.34,5s25p2(3P)5d,4F,9/2,5s<sup>2</sup>5p<sup>2</sup>(<sup>3</sup>P)4f,4F°,9/2,,,https://physics.nist.gov/cgi-bin/ASBib1/get_ASBib_ref.cgi?db=el&amp;db_id=3546&amp;comment_code=&amp;element=Te&amp;spectr_charge=2&amp;ref=3546&amp;type=
285.8287,0.0014,285.829,0.003,2700,,,90 519.67,-,125 495.39,5s25p2(3P)5d,4F,9/2,5s<sup>2</sup>5p<sup>2</sup>(<sup>3</sup>P)4f,4G°,11/2,,,https://physics.nist.gov/cgi-bin/ASBib1/get_ASBib_ref.cgi?db=el&amp;db_id=3546&amp;comment_code=&amp;element=Te&amp;spectr_charge=2&amp;ref=3546&amp;type=
286.100,0.003,286.1004,0.0023,1400,,,82 743.33,-,117 685.83,5s25p2(3P)6s,4P,3/2,5s<sup>2</sup>5p<sup>2</sup>(<sup>3</sup>P)4f,4G°,5/2,,,https://physics.nist.gov/cgi-bin/ASBib1/get_ASBib_ref.cgi?db=el&amp;db_id=3546&amp;comment_code=&amp;element=Te&amp;spectr_charge=2&amp;ref=3546&amp;type=
286.8817,0.0014,286.8835,0.0023,2300,,,90 797.21,-,125 644.34,5s25p2(1D)5d,2F,7/2,5s<sup>2</sup>5p<sup>2</sup>(<sup>3</sup>P)4f,4F°,9/2,,,https://physics.nist.gov/cgi-bin/ASBib1/get_ASBib_ref.cgi?db=el&amp;db_id=3546&amp;comment_code=&amp;element=Te&amp;spectr_charge=2&amp;ref=3546&amp;type=
289.5407,0.0014,289.5424,0.0024,2600,,,87 899.86,-,122 427.00,5s25p2(3P)5d,4F,7/2,5s<sup>2</sup>5p<sup>2</sup>(<sup>3</sup>P)4f,4G°,9/2,,,https://physics.nist.gov/cgi-bin/ASBib1/get_ASBib_ref.cgi?db=el&amp;db_id=3546&amp;comment_code=&amp;element=Te&amp;spectr_charge=2&amp;ref=3546&amp;type=
291.9887,0.0014,291.9873,0.0024,1500,,,87 899.86,-,122 137.90,5s25p2(3P)5d,4F,7/2,5s<sup>2</sup>5p<sup>2</sup>(<sup>3</sup>P)4f,4D°,7/2,,,https://physics.nist.gov/cgi-bin/ASBib1/get_ASBib_ref.cgi?db=el&amp;db_id=3546&amp;comment_code=&amp;element=Te&amp;spectr_charge=2&amp;ref=3546&amp;type=
294.2112,0.0014,294.2130,0.0024,2200,,,88 796.16,-,122 775.20,5s25p2(3P)5d,2P,1/2,5s<sup>2</sup>5p<sup>2</sup>(<sup>3</sup>P)4f,4F°,3/2,,,https://physics.nist.gov/cgi-bin/ASBib1/get_ASBib_ref.cgi?db=el&amp;db_id=3546&amp;comment_code=&amp;element=Te&amp;spectr_charge=2&amp;ref=3546&amp;type=
294.6675,0.0014,294.6684,0.0025,540,,,88 961.09,-,122 887.62,5s25p2(3P)6s,2P,3/2,5s<sup>2</sup>5p<sup>2</sup>(<sup>3</sup>P)4f,4D°,5/2,,,https://physics.nist.gov/cgi-bin/ASBib1/get_ASBib_ref.cgi?db=el&amp;db_id=3546&amp;comment_code=&amp;element=Te&amp;spectr_charge=2&amp;ref=3546&amp;type=
296.7288,0.0014,296.7211,0.0025,2800,,,88 924.81,-,122 616.65,5s25p2(3P)5d,2F,5/2,5s<sup>2</sup>5p<sup>2</sup>(<sup>3</sup>P)4f,2G°,7/2,,,https://physics.nist.gov/cgi-bin/ASBib1/get_ASBib_ref.cgi?db=el&amp;db_id=3546&amp;comment_code=&amp;element=Te&amp;spectr_charge=2&amp;ref=3546&amp;type=
297.367,0.003,297.373,0.003,1900,,,92 691.51,-,126 309.55,5s25p2(3P)5d,4D,1/2,5s<sup>2</sup>5p<sup>2</sup>(<sup>1</sup>S)6p,2P°,3/2,,,https://physics.nist.gov/cgi-bin/ASBib1/get_ASBib_ref.cgi?db=el&amp;db_id=3546&amp;comment_code=&amp;element=Te&amp;spectr_charge=2&amp;ref=3546&amp;type=
297.590,0.003,,,5000,,,,,,,,,,,,,,https://physics.nist.gov/cgi-bin/ASBib1/get_ASBib_ref.cgi?db=el&amp;db_id=3546&amp;comment_code=&amp;element=Te&amp;spectr_charge=2&amp;ref=3546&amp;type=
299.704,0.003,299.704,0.003,1600,,,92 691.51,-,126 047.99,5s25p2(3P)5d,4D,1/2,5s<sup>2</sup>5p<sup>2</sup>(<sup>1</sup>S)6p,2P°,1/2,,,https://physics.nist.gov/cgi-bin/ASBib1/get_ASBib_ref.cgi?db=el&amp;db_id=3546&amp;comment_code=&amp;element=Te&amp;spectr_charge=2&amp;ref=3546&amp;type=
301.2021,0.0014,301.203,0.003,900,,,92 793.22,-,125 983.78,5s25p2(3P)5d,4D,5/2,5s<sup>2</sup>5p<sup>2</sup>(<sup>3</sup>P)4f,4F°,7/2,,,https://physics.nist.gov/cgi-bin/ASBib1/get_ASBib_ref.cgi?db=el&amp;db_id=3546&amp;comment_code=&amp;element=Te&amp;spectr_charge=2&amp;ref=3546&amp;type=
301.7581,0.0014,,,2000,,,,,,,,,,,,,,https://physics.nist.gov/cgi-bin/ASBib1/get_ASBib_ref.cgi?db=el&amp;db_id=3546&amp;comment_code=&amp;element=Te&amp;spectr_charge=2&amp;ref=3546&amp;type=
302.3310,0.0014,302.331,0.003,970,,,88 961.09,-,122 027.77,5s25p2(3P)6s,2P,3/2,5s<sup>2</sup>5p<sup>2</sup>(<sup>3</sup>P)4f,2D°,5/2,,,https://physics.nist.gov/cgi-bin/ASBib1/get_ASBib_ref.cgi?db=el&amp;db_id=3546&amp;comment_code=&amp;element=Te&amp;spectr_charge=2&amp;ref=3546&amp;type=
304.6998,0.0014,304.700,0.003,2100,,,85 049.41,-,117 859.06,5s25p2(3P)5d,4F,5/2,5s<sup>2</sup>5p<sup>2</sup>(<sup>3</sup>P)4f,4G°,7/2,,,https://physics.nist.gov/cgi-bin/ASBib1/get_ASBib_ref.cgi?db=el&amp;db_id=3546&amp;comment_code=&amp;element=Te&amp;spectr_charge=2&amp;ref=3546&amp;type=
305.2460,0.0014,305.246,0.003,540,,,92 691.51,-,125 442.46,5s25p2(3P)5d,4D,1/2,5s<sup>2</sup>5p<sup>2</sup>(<sup>3</sup>P)4f,2D°,3/2,,,https://physics.nist.gov/cgi-bin/ASBib1/get_ASBib_ref.cgi?db=el&amp;db_id=3546&amp;comment_code=&amp;element=Te&amp;spectr_charge=2&amp;ref=3546&amp;type=
306.316,0.003,306.317,0.003,560,,,85 049.41,-,117 685.83,5s25p2(3P)5d,4F,5/2,5s<sup>2</sup>5p<sup>2</sup>(<sup>3</sup>P)4f,4G°,5/2,,,https://physics.nist.gov/cgi-bin/ASBib1/get_ASBib_ref.cgi?db=el&amp;db_id=3546&amp;comment_code=&amp;element=Te&amp;spectr_charge=2&amp;ref=3546&amp;type=
307.356,0.003,307.355,0.003,1200,,,85 159.66,-,117 685.83,5s25p2(3P)5d,4F,3/2,5s<sup>2</sup>5p<sup>2</sup>(<sup>3</sup>P)4f,4G°,5/2,,,https://physics.nist.gov/cgi-bin/ASBib1/get_ASBib_ref.cgi?db=el&amp;db_id=3546&amp;comment_code=&amp;element=Te&amp;spectr_charge=2&amp;ref=3546&amp;type=
310.444,0.003,310.437,0.012,730,,,96 144.74,-,128 348.0,5s25p2(3P)6p,4D°,3/2,5s<sup>2</sup>5p<sup>2</sup>(<sup>3</sup>P)7d,4F,5/2,,,https://physics.nist.gov/cgi-bin/ASBib1/get_ASBib_ref.cgi?db=el&amp;db_id=3546&amp;comment_code=&amp;element=Te&amp;spectr_charge=2&amp;ref=3546&amp;type=
313.258,0.003,313.2579,0.0020,300,,,71 192.526,-,103 105.86,5s(2S)5p4(3P),4P,5/2,5s<sup>2</sup>5p<sup>2</sup>(<sup>3</sup>P)6p,4D°,7/2,,,https://physics.nist.gov/cgi-bin/ASBib1/get_ASBib_ref.cgi?db=el&amp;db_id=3546&amp;comment_code=&amp;element=Te&amp;spectr_charge=2&amp;ref=3546&amp;type=
316.0659,0.0014,316.066,0.003,650,,,90 797.21,-,122 427.00,5s25p2(1D)5d,2F,7/2,5s<sup>2</sup>5p<sup>2</sup>(<sup>3</sup>P)4f,4G°,9/2,,,https://physics.nist.gov/cgi-bin/ASBib1/get_ASBib_ref.cgi?db=el&amp;db_id=3546&amp;comment_code=&amp;element=Te&amp;spectr_charge=2&amp;ref=3546&amp;type=
318.983,0.007,318.982,0.003,290,,,90 797.21,-,122 137.90,5s25p2(1D)5d,2F,7/2,5s<sup>2</sup>5p<sup>2</sup>(<sup>3</sup>P)4f,4D°,7/2,,,https://physics.nist.gov/cgi-bin/ASBib1/get_ASBib_ref.cgi?db=el&amp;db_id=3546&amp;comment_code=&amp;element=Te&amp;spectr_charge=2&amp;ref=3546&amp;type=
321.1213,0.0014,321.1205,0.0021,370,,,71 192.526,-,102 324.49,5s(2S)5p4(3P),4P,5/2,5s<sup>2</sup>5p<sup>2</sup>(<sup>3</sup>P)6p,4P°,5/2,,,https://physics.nist.gov/cgi-bin/ASBib1/get_ASBib_ref.cgi?db=el&amp;db_id=3546&amp;comment_code=&amp;element=Te&amp;spectr_charge=2&amp;ref=3546&amp;type=
325.6798,0.0014,325.680,0.003,1100,,,92 191.47,-,122 887.62,5s25p2(3P)5d,4D,3/2,5s<sup>2</sup>5p<sup>2</sup>(<sup>3</sup>P)4f,4D°,5/2,,,https://physics.nist.gov/cgi-bin/ASBib1/get_ASBib_ref.cgi?db=el&amp;db_id=3546&amp;comment_code=&amp;element=Te&amp;spectr_charge=2&amp;ref=3546&amp;type=
326.8773,0.0014,326.877,0.003,400,,,92 191.47,-,122 775.20,5s25p2(3P)5d,4D,3/2,5s<sup>2</sup>5p<sup>2</sup>(<sup>3</sup>P)4f,4F°,3/2,,,https://physics.nist.gov/cgi-bin/ASBib1/get_ASBib_ref.cgi?db=el&amp;db_id=3546&amp;comment_code=&amp;element=Te&amp;spectr_charge=2&amp;ref=3546&amp;type=
328.2634,0.0014,328.264,0.003,430,,,87 404.54,-,117 859.06,5s(2S)5p4(1D),2D,5/2,5s<sup>2</sup>5p<sup>2</sup>(<sup>3</sup>P)4f,4G°,7/2,,,https://physics.nist.gov/cgi-bin/ASBib1/get_ASBib_ref.cgi?db=el&amp;db_id=3546&amp;comment_code=&amp;element=Te&amp;spectr_charge=2&amp;ref=3546&amp;type=
332.1923,0.0014,332.192,0.003,290,,,92 793.22,-,122 887.62,5s25p2(3P)5d,4D,5/2,5s<sup>2</sup>5p<sup>2</sup>(<sup>3</sup>P)4f,4D°,5/2,,,https://physics.nist.gov/cgi-bin/ASBib1/get_ASBib_ref.cgi?db=el&amp;db_id=3546&amp;comment_code=&amp;element=Te&amp;spectr_charge=2&amp;ref=3546&amp;type=
332.3106,0.0014,332.310,0.003,510,,,92 691.51,-,122 775.20,5s25p2(3P)5d,4D,1/2,5s<sup>2</sup>5p<sup>2</sup>(<sup>3</sup>P)4f,4F°,3/2,,,https://physics.nist.gov/cgi-bin/ASBib1/get_ASBib_ref.cgi?db=el&amp;db_id=3546&amp;comment_code=&amp;element=Te&amp;spectr_charge=2&amp;ref=3546&amp;type=
332.9223,0.0014,332.9218,0.0022,790,,,71 192.526,-,101 220.97,5s(2S)5p4(3P),4P,5/2,5s<sup>2</sup>5p<sup>2</sup>(<sup>3</sup>P)6p,2D°,3/2,,,https://physics.nist.gov/cgi-bin/ASBib1/get_ASBib_ref.cgi?db=el&amp;db_id=3546&amp;comment_code=&amp;element=Te&amp;spectr_charge=2&amp;ref=3546&amp;type=
335.2102,0.0014,335.210,0.003,910,,,92 793.22,-,122 616.65,5s25p2(3P)5d,4D,5/2,5s<sup>2</sup>5p<sup>2</sup>(<sup>3</sup>P)4f,2G°,7/2,,,https://physics.nist.gov/cgi-bin/ASBib1/get_ASBib_ref.cgi?db=el&amp;db_id=3546&amp;comment_code=&amp;element=Te&amp;spectr_charge=2&amp;ref=3546&amp;type=
336.2793,0.0014,,,960,,,,,,,,,,,,,,https://physics.nist.gov/cgi-bin/ASBib1/get_ASBib_ref.cgi?db=el&amp;db_id=3546&amp;comment_code=&amp;element=Te&amp;spectr_charge=2&amp;ref=3546&amp;type=
337.4101,0.0014,,,510,,,,,,,,,,,,,,https://physics.nist.gov/cgi-bin/ASBib1/get_ASBib_ref.cgi?db=el&amp;db_id=3546&amp;comment_code=&amp;element=Te&amp;spectr_charge=2&amp;ref=3546&amp;type=
340.6787,0.0014,340.680,0.003,1200,,,92 793.22,-,122 137.90,5s25p2(3P)5d,4D,5/2,5s<sup>2</sup>5p<sup>2</sup>(<sup>3</sup>P)4f,4D°,7/2,,,https://physics.nist.gov/cgi-bin/ASBib1/get_ASBib_ref.cgi?db=el&amp;db_id=3546&amp;comment_code=&amp;element=Te&amp;spectr_charge=2&amp;ref=3546&amp;type=
341.9627,0.0014,341.963,0.003,110,,,92 793.22,-,122 027.77,5s25p2(3P)5d,4D,5/2,5s<sup>2</sup>5p<sup>2</sup>(<sup>3</sup>P)4f,2D°,5/2,,,https://physics.nist.gov/cgi-bin/ASBib1/get_ASBib_ref.cgi?db=el&amp;db_id=3546&amp;comment_code=&amp;element=Te&amp;spectr_charge=2&amp;ref=3546&amp;type=
344.2246,0.0014,344.224,0.003,360,,,74 893.40,-,103 935.90,5s(2S)5p4(3P),4P,3/2,5s<sup>2</sup>5p<sup>2</sup>(<sup>3</sup>P)6p,4P°,3/2,,,https://physics.nist.gov/cgi-bin/ASBib1/get_ASBib_ref.cgi?db=el&amp;db_id=3546&amp;comment_code=&amp;element=Te&amp;spectr_charge=2&amp;ref=3546&amp;type=
345.5116,0.0014,345.512,0.003,540,,,88 924.81,-,117 859.06,5s25p2(3P)5d,2F,5/2,5s<sup>2</sup>5p<sup>2</sup>(<sup>3</sup>P)4f,4G°,7/2,,,https://physics.nist.gov/cgi-bin/ASBib1/get_ASBib_ref.cgi?db=el&amp;db_id=3546&amp;comment_code=&amp;element=Te&amp;spectr_charge=2&amp;ref=3546&amp;type=
345.6883,0.0014,345.6875,0.0024,250,,,71 192.526,-,100 112.10,5s(2S)5p4(3P),4P,5/2,5s<sup>2</sup>5p<sup>2</sup>(<sup>3</sup>P)6p,4D°,5/2,,,https://physics.nist.gov/cgi-bin/ASBib1/get_ASBib_ref.cgi?db=el&amp;db_id=3546&amp;comment_code=&amp;element=Te&amp;spectr_charge=2&amp;ref=3546&amp;type=
348.0317,0.0014,348.032,0.003,310,,,88 961.09,-,117 685.83,5s25p2(3P)6s,2P,3/2,5s<sup>2</sup>5p<sup>2</sup>(<sup>3</sup>P)4f,4G°,5/2,,,https://physics.nist.gov/cgi-bin/ASBib1/get_ASBib_ref.cgi?db=el&amp;db_id=3546&amp;comment_code=&amp;element=Te&amp;spectr_charge=2&amp;ref=3546&amp;type=
348.3672,0.0014,348.367,0.003,270,,,87 404.54,-,116 101.71,5s(2S)5p4(1D),2D,5/2,5s<sup>2</sup>5p<sup>2</sup>(<sup>1</sup>D)6p,2P°,3/2,,,https://physics.nist.gov/cgi-bin/ASBib1/get_ASBib_ref.cgi?db=el&amp;db_id=3546&amp;comment_code=&amp;element=Te&amp;spectr_charge=2&amp;ref=3546&amp;type=
348.6108,0.0014,348.611,0.003,220,,,95 208.37,-,123 885.43,5s25p2(1D)6s,2D,3/2,5s<sup>2</sup>5p<sup>2</sup>(<sup>3</sup>P)7p,4D°,5/2,,,https://physics.nist.gov/cgi-bin/ASBib1/get_ASBib_ref.cgi?db=el&amp;db_id=3546&amp;comment_code=&amp;element=Te&amp;spectr_charge=2&amp;ref=3546&amp;type=
352.1112,0.0014,352.1104,0.0025,470,,,71 192.526,-,99 584.59,5s(2S)5p4(3P),4P,5/2,5s<sup>2</sup>5p<sup>2</sup>(<sup>3</sup>P)6p,4S°,3/2,,,https://physics.nist.gov/cgi-bin/ASBib1/get_ASBib_ref.cgi?db=el&amp;db_id=3546&amp;comment_code=&amp;element=Te&amp;spectr_charge=2&amp;ref=3546&amp;type=
355.2187,0.0014,,,520,,,,,,,,,,,,,,https://physics.nist.gov/cgi-bin/ASBib1/get_ASBib_ref.cgi?db=el&amp;db_id=3546&amp;comment_code=&amp;element=Te&amp;spectr_charge=2&amp;ref=3546&amp;type=
361.1782,0.0014,361.178,0.004,490,,,95 208.37,-,122 887.62,5s25p2(1D)6s,2D,3/2,5s<sup>2</sup>5p<sup>2</sup>(<sup>3</sup>P)4f,4D°,5/2,,,https://physics.nist.gov/cgi-bin/ASBib1/get_ASBib_ref.cgi?db=el&amp;db_id=3546&amp;comment_code=&amp;element=Te&amp;spectr_charge=2&amp;ref=3546&amp;type=
361.7565,0.0014,361.756,0.004,440,,,76 300.87,-,103 935.90,5s(2S)5p4(3P),4P,1/2,5s<sup>2</sup>5p<sup>2</sup>(<sup>3</sup>P)6p,4P°,3/2,,,https://physics.nist.gov/cgi-bin/ASBib1/get_ASBib_ref.cgi?db=el&amp;db_id=3546&amp;comment_code=&amp;element=Te&amp;spectr_charge=2&amp;ref=3546&amp;type=
364.4465,0.0014,364.446,0.004,240,,,74 893.40,-,102 324.49,5s(2S)5p4(3P),4P,3/2,5s<sup>2</sup>5p<sup>2</sup>(<sup>3</sup>P)6p,4P°,5/2,,,https://physics.nist.gov/cgi-bin/ASBib1/get_ASBib_ref.cgi?db=el&amp;db_id=3546&amp;comment_code=&amp;element=Te&amp;spectr_charge=2&amp;ref=3546&amp;type=
367.9266,0.0014,,,170,,,,,,,,,,,,,,https://physics.nist.gov/cgi-bin/ASBib1/get_ASBib_ref.cgi?db=el&amp;db_id=3546&amp;comment_code=&amp;element=Te&amp;spectr_charge=2&amp;ref=3546&amp;type=
372.5657,0.0014,372.565,0.004,270,,,99 229.68,-,126 063.01,5s25p2(3P)5d,4P,5/2,5s<sup>2</sup>5p<sup>2</sup>(<sup>3</sup>P)4f,4F°,5/2,,,https://physics.nist.gov/cgi-bin/ASBib1/get_ASBib_ref.cgi?db=el&amp;db_id=3546&amp;comment_code=&amp;element=Te&amp;spectr_charge=2&amp;ref=3546&amp;type=
379.7220,0.0010,379.722,0.004,230,,,74 893.40,-,101 220.97,5s(2S)5p4(3P),4P,3/2,5s<sup>2</sup>5p<sup>2</sup>(<sup>3</sup>P)6p,2D°,3/2,,,https://physics.nist.gov/cgi-bin/ASBib1/get_ASBib_ref.cgi?db=el&amp;db_id=3546&amp;comment_code=&amp;element=Te&amp;spectr_charge=2&amp;ref=3546&amp;type=
380.0920,0.0014,380.092,0.004,180,,,97 780.09,-,124 082.07,5s25p2(3P)6p,2S°,1/2,5s(<sup>2</sup>S)5p<sup>4</sup>(<sup>3</sup>P),2P,3/2,,,https://physics.nist.gov/cgi-bin/ASBib1/get_ASBib_ref.cgi?db=el&amp;db_id=3546&amp;comment_code=&amp;element=Te&amp;spectr_charge=2&amp;ref=3546&amp;type=
390.5672,0.0014,,,240,,,,,,,,,,,,,,https://physics.nist.gov/cgi-bin/ASBib1/get_ASBib_ref.cgi?db=el&amp;db_id=3546&amp;comment_code=&amp;element=Te&amp;spectr_charge=2&amp;ref=3546&amp;type=
391.8534,0.0014,391.853,0.004,180,,,86 759.90,-,112 272.43,5s(2S)5p4(1D),2D,3/2,5s<sup>2</sup>5p<sup>2</sup>(<sup>1</sup>D)6p,2D°,3/2,,,https://physics.nist.gov/cgi-bin/ASBib1/get_ASBib_ref.cgi?db=el&amp;db_id=3546&amp;comment_code=&amp;element=Te&amp;spectr_charge=2&amp;ref=3546&amp;type=
393.1487,0.0014,,,230,,,,,,,,,,,,,,https://physics.nist.gov/cgi-bin/ASBib1/get_ASBib_ref.cgi?db=el&amp;db_id=3546&amp;comment_code=&amp;element=Te&amp;spectr_charge=2&amp;ref=3546&amp;type=
394.7980,0.0014,394.798,0.004,340,,,100 740.75,-,126 063.01,5s25p2(3P)5d,4P,3/2,5s<sup>2</sup>5p<sup>2</sup>(<sup>3</sup>P)4f,4F°,5/2,,,https://physics.nist.gov/cgi-bin/ASBib1/get_ASBib_ref.cgi?db=el&amp;db_id=3546&amp;comment_code=&amp;element=Te&amp;spectr_charge=2&amp;ref=3546&amp;type=
396.9222,0.0014,396.921,0.004,320,,,86 759.90,-,111 946.69,5s(2S)5p4(1D),2D,3/2,5s<sup>2</sup>5p<sup>2</sup>(<sup>1</sup>D)6p,2D°,5/2,,,https://physics.nist.gov/cgi-bin/ASBib1/get_ASBib_ref.cgi?db=el&amp;db_id=3546&amp;comment_code=&amp;element=Te&amp;spectr_charge=2&amp;ref=3546&amp;type=
397.5936,0.0014,397.592,0.004,250,,,87 404.54,-,112 548.84,5s(2S)5p4(1D),2D,5/2,5s<sup>2</sup>5p<sup>2</sup>(<sup>1</sup>D)6p,2F°,5/2,,,https://physics.nist.gov/cgi-bin/ASBib1/get_ASBib_ref.cgi?db=el&amp;db_id=3546&amp;comment_code=&amp;element=Te&amp;spectr_charge=2&amp;ref=3546&amp;type=
398.1766,0.0014,398.176,0.004,240,,,88 961.09,-,114 068.52,5s25p2(3P)6s,2P,3/2,5s<sup>2</sup>5p<sup>2</sup>(<sup>1</sup>D)6p,2P°,1/2,,,https://physics.nist.gov/cgi-bin/ASBib1/get_ASBib_ref.cgi?db=el&amp;db_id=3546&amp;comment_code=&amp;element=Te&amp;spectr_charge=2&amp;ref=3546&amp;type=
400.6519,0.0014,400.653,0.003,310,,,71 192.526,-,96 144.74,5s(2S)5p4(3P),4P,5/2,5s<sup>2</sup>5p<sup>2</sup>(<sup>3</sup>P)6p,4D°,3/2,,,https://physics.nist.gov/cgi-bin/ASBib1/get_ASBib_ref.cgi?db=el&amp;db_id=3546&amp;comment_code=&amp;element=Te&amp;spectr_charge=2&amp;ref=3546&amp;type=
401.1691,0.0014,401.169,0.005,180,,,76 300.87,-,101 220.97,5s(2S)5p4(3P),4P,1/2,5s<sup>2</sup>5p<sup>2</sup>(<sup>3</sup>P)6p,2D°,3/2,,,https://physics.nist.gov/cgi-bin/ASBib1/get_ASBib_ref.cgi?db=el&amp;db_id=3546&amp;comment_code=&amp;element=Te&amp;spectr_charge=2&amp;ref=3546&amp;type=
402.9730,0.0014,402.973,0.015,220,,,100 835.8,-,125 644.34,5s25p2(1D)5d,2G,7/2,5s<sup>2</sup>5p<sup>2</sup>(<sup>3</sup>P)4f,4F°,9/2,,,https://physics.nist.gov/cgi-bin/ASBib1/get_ASBib_ref.cgi?db=el&amp;db_id=3546&amp;comment_code=&amp;element=Te&amp;spectr_charge=2&amp;ref=3546&amp;type=
404.7168,0.0014,404.716,0.005,400,,,100 740.75,-,125 442.46,5s25p2(3P)5d,4P,3/2,5s<sup>2</sup>5p<sup>2</sup>(<sup>3</sup>P)4f,2D°,3/2,,,https://physics.nist.gov/cgi-bin/ASBib1/get_ASBib_ref.cgi?db=el&amp;db_id=3546&amp;comment_code=&amp;element=Te&amp;spectr_charge=2&amp;ref=3546&amp;type=
404.8882,0.0014,404.888,0.005,230,,,74 893.40,-,99 584.59,5s(2S)5p4(3P),4P,3/2,5s<sup>2</sup>5p<sup>2</sup>(<sup>3</sup>P)6p,4S°,3/2,,,https://physics.nist.gov/cgi-bin/ASBib1/get_ASBib_ref.cgi?db=el&amp;db_id=3546&amp;comment_code=&amp;element=Te&amp;spectr_charge=2&amp;ref=3546&amp;type=
407.3474,0.0014,407.347,0.005,130,,,87 404.54,-,111 946.69,5s(2S)5p4(1D),2D,5/2,5s<sup>2</sup>5p<sup>2</sup>(<sup>1</sup>D)6p,2D°,5/2,,,https://physics.nist.gov/cgi-bin/ASBib1/get_ASBib_ref.cgi?db=el&amp;db_id=3546&amp;comment_code=&amp;element=Te&amp;spectr_charge=2&amp;ref=3546&amp;type=
410.1045,0.0014,410.105,0.005,320,,,101 065.37,-,125 442.46,5s25p2(1D)5d,2S,1/2,5s<sup>2</sup>5p<sup>2</sup>(<sup>3</sup>P)4f,2D°,3/2,,,https://physics.nist.gov/cgi-bin/ASBib1/get_ASBib_ref.cgi?db=el&amp;db_id=3546&amp;comment_code=&amp;element=Te&amp;spectr_charge=2&amp;ref=3546&amp;type=
412.7319,0.0014,412.732,0.005,320,,,101 065.37,-,125 287.32,5s25p2(1D)5d,2S,1/2,5s<sup>2</sup>5p<sup>2</sup>(<sup>3</sup>P)4f,4D°,1/2,,,https://physics.nist.gov/cgi-bin/ASBib1/get_ASBib_ref.cgi?db=el&amp;db_id=3546&amp;comment_code=&amp;element=Te&amp;spectr_charge=2&amp;ref=3546&amp;type=
416.3551,0.0014,416.356,0.005,250,,,102 127.22,-,126 138.35,5s25p2(3P)5d,4P,1/2,5s<sup>2</sup>5p<sup>2</sup>(<sup>3</sup>P)4f,4D°,3/2,,,https://physics.nist.gov/cgi-bin/ASBib1/get_ASBib_ref.cgi?db=el&amp;db_id=3546&amp;comment_code=&amp;element=Te&amp;spectr_charge=2&amp;ref=3546&amp;type=
416.9770,0.0014,416.977,0.005,540,,,102 244.60,-,126 219.97,5s25p2(3P)5d,2D,3/2,5s<sup>2</sup>5p<sup>2</sup>(<sup>3</sup>P)4f,2F°,5/2,,,https://physics.nist.gov/cgi-bin/ASBib1/get_ASBib_ref.cgi?db=el&amp;db_id=3546&amp;comment_code=&amp;element=Te&amp;spectr_charge=2&amp;ref=3546&amp;type=
417.9286,0.0014,417.929,0.005,300,,,102 127.22,-,126 047.99,5s25p2(3P)5d,4P,1/2,5s<sup>2</sup>5p<sup>2</sup>(<sup>1</sup>S)6p,2P°,1/2,,,https://physics.nist.gov/cgi-bin/ASBib1/get_ASBib_ref.cgi?db=el&amp;db_id=3546&amp;comment_code=&amp;element=Te&amp;spectr_charge=2&amp;ref=3546&amp;type=
421.1312,0.0014,421.132,0.005,140,,,97 780.09,-,121 518.93,5s25p2(3P)6p,2S°,1/2,5s<sup>2</sup>5p<sup>2</sup>(<sup>3</sup>P)6d,4D,3/2,,,https://physics.nist.gov/cgi-bin/ASBib1/get_ASBib_ref.cgi?db=el&amp;db_id=3546&amp;comment_code=&amp;element=Te&amp;spectr_charge=2&amp;ref=3546&amp;type=
422.5728,0.0014,422.572,0.005,340,,,99 229.68,-,122 887.62,5s25p2(3P)5d,4P,5/2,5s<sup>2</sup>5p<sup>2</sup>(<sup>3</sup>P)4f,4D°,5/2,,,https://physics.nist.gov/cgi-bin/ASBib1/get_ASBib_ref.cgi?db=el&amp;db_id=3546&amp;comment_code=&amp;element=Te&amp;spectr_charge=2&amp;ref=3546&amp;type=
424.6469,0.0014,424.645,0.005,150,,,100 112.10,-,123 654.56,5s25p2(3P)6p,4D°,5/2,5s<sup>2</sup>5p<sup>2</sup>(<sup>3</sup>P)6d,4D,7/2,,,https://physics.nist.gov/cgi-bin/ASBib1/get_ASBib_ref.cgi?db=el&amp;db_id=3546&amp;comment_code=&amp;element=Te&amp;spectr_charge=2&amp;ref=3546&amp;type=
425.1148,0.0014,425.114,0.008,240,,,102 703.5,-,126 219.97,5s25p2(3P)5d,2D,5/2,5s<sup>2</sup>5p<sup>2</sup>(<sup>3</sup>P)4f,2F°,5/2,,,https://physics.nist.gov/cgi-bin/ASBib1/get_ASBib_ref.cgi?db=el&amp;db_id=3546&amp;comment_code=&amp;element=Te&amp;spectr_charge=2&amp;ref=3546&amp;type=
426.1112,0.0014,,,570,,,,,,,,,,,,,,https://physics.nist.gov/cgi-bin/ASBib1/get_ASBib_ref.cgi?db=el&amp;db_id=3546&amp;comment_code=&amp;element=Te&amp;spectr_charge=2&amp;ref=3546&amp;type=
426.4360,0.0014,,,170,,,,,,,,,,,,,,https://physics.nist.gov/cgi-bin/ASBib1/get_ASBib_ref.cgi?db=el&amp;db_id=3546&amp;comment_code=&amp;element=Te&amp;spectr_charge=2&amp;ref=3546&amp;type=
427.3429,0.0014,427.343,0.005,300,,,97 780.09,-,121 173.94,5s25p2(3P)6p,2S°,1/2,5s<sup>2</sup>5p<sup>2</sup>(<sup>3</sup>P)7s,2P,3/2,,,https://physics.nist.gov/cgi-bin/ASBib1/get_ASBib_ref.cgi?db=el&amp;db_id=3546&amp;comment_code=&amp;element=Te&amp;spectr_charge=2&amp;ref=3546&amp;type=
428.5854,0.0014,428.583,0.005,370,,,97 780.09,-,121 106.21,5s25p2(3P)6p,2S°,1/2,5s<sup>2</sup>5p<sup>2</sup>(<sup>3</sup>P)6d,4D,1/2,,,https://physics.nist.gov/cgi-bin/ASBib1/get_ASBib_ref.cgi?db=el&amp;db_id=3546&amp;comment_code=&amp;element=Te&amp;spectr_charge=2&amp;ref=3546&amp;type=
432.0898,0.0014,,,160,,,,,,,,,,,,,,https://physics.nist.gov/cgi-bin/ASBib1/get_ASBib_ref.cgi?db=el&amp;db_id=3546&amp;comment_code=&amp;element=Te&amp;spectr_charge=2&amp;ref=3546&amp;type=
436.1285,0.0014,436.127,0.005,150,,,78 448.22,-,101 370.86,5s25p2(3P)6s,4P,1/2,5s<sup>2</sup>5p<sup>2</sup>(<sup>3</sup>P)6p,4P°,1/2,,,https://physics.nist.gov/cgi-bin/ASBib1/get_ASBib_ref.cgi?db=el&amp;db_id=3546&amp;comment_code=&amp;element=Te&amp;spectr_charge=2&amp;ref=3546&amp;type=
436.4000,0.0014,436.402,0.005,650,,,99 229.68,-,122 137.90,5s25p2(3P)5d,4P,5/2,5s<sup>2</sup>5p<sup>2</sup>(<sup>3</sup>P)4f,4D°,7/2,,,https://physics.nist.gov/cgi-bin/ASBib1/get_ASBib_ref.cgi?db=el&amp;db_id=3546&amp;comment_code=&amp;element=Te&amp;spectr_charge=2&amp;ref=3546&amp;type=
437.7119,0.0014,437.711,0.005,170,,,82 743.33,-,105 583.02,5s25p2(3P)6s,4P,3/2,5s<sup>2</sup>5p<sup>2</sup>(<sup>3</sup>P)6p,2D°,5/2,,,https://physics.nist.gov/cgi-bin/ASBib1/get_ASBib_ref.cgi?db=el&amp;db_id=3546&amp;comment_code=&amp;element=Te&amp;spectr_charge=2&amp;ref=3546&amp;type=
438.5102,0.0014,438.510,0.005,310,,,99 229.68,-,122 027.77,5s25p2(3P)5d,4P,5/2,5s<sup>2</sup>5p<sup>2</sup>(<sup>3</sup>P)4f,2D°,5/2,,,https://physics.nist.gov/cgi-bin/ASBib1/get_ASBib_ref.cgi?db=el&amp;db_id=3546&amp;comment_code=&amp;element=Te&amp;spectr_charge=2&amp;ref=3546&amp;type=
439.5997,0.0014,439.600,0.005,220,,,102 324.49,-,125 066.06,5s25p2(3P)6p,4P°,5/2,5s<sup>2</sup>5p<sup>2</sup>(<sup>3</sup>P)6d,4P,3/2,,,https://physics.nist.gov/cgi-bin/ASBib1/get_ASBib_ref.cgi?db=el&amp;db_id=3546&amp;comment_code=&amp;element=Te&amp;spectr_charge=2&amp;ref=3546&amp;type=
447.863,0.007,447.865,0.006,830,,,102 324.49,-,124 646.39,5s25p2(3P)6p,4P°,5/2,5s<sup>2</sup>5p<sup>2</sup>(<sup>3</sup>P)6d,4D,5/2,,,https://physics.nist.gov/cgi-bin/ASBib1/get_ASBib_ref.cgi?db=el&amp;db_id=3546&amp;comment_code=&amp;element=Te&amp;spectr_charge=2&amp;ref=3546&amp;type=
453.7070,0.0014,453.708,0.006,260,,,100 740.75,-,122 775.20,5s25p2(3P)5d,4P,3/2,5s<sup>2</sup>5p<sup>2</sup>(<sup>3</sup>P)4f,4F°,3/2,,,https://physics.nist.gov/cgi-bin/ASBib1/get_ASBib_ref.cgi?db=el&amp;db_id=3546&amp;comment_code=&amp;element=Te&amp;spectr_charge=2&amp;ref=3546&amp;type=
455.7784,0.0014,455.778,0.006,480,,,99 584.59,-,121 518.93,5s25p2(3P)6p,4S°,3/2,5s<sup>2</sup>5p<sup>2</sup>(<sup>3</sup>P)6d,4D,3/2,,,https://physics.nist.gov/cgi-bin/ASBib1/get_ASBib_ref.cgi?db=el&amp;db_id=3546&amp;comment_code=&amp;element=Te&amp;spectr_charge=2&amp;ref=3546&amp;type=
463.0623,0.0014,463.062,0.006,540,,,99 584.59,-,121 173.94,5s25p2(3P)6p,4S°,3/2,5s<sup>2</sup>5p<sup>2</sup>(<sup>3</sup>P)7s,2P,3/2,,,https://physics.nist.gov/cgi-bin/ASBib1/get_ASBib_ref.cgi?db=el&amp;db_id=3546&amp;comment_code=&amp;element=Te&amp;spectr_charge=2&amp;ref=3546&amp;type=
464.1125,0.0014,464.111,0.006,680,,,103 105.86,-,124 646.39,5s25p2(3P)6p,4D°,7/2,5s<sup>2</sup>5p<sup>2</sup>(<sup>3</sup>P)6d,4D,5/2,,,https://physics.nist.gov/cgi-bin/ASBib1/get_ASBib_ref.cgi?db=el&amp;db_id=3546&amp;comment_code=&amp;element=Te&amp;spectr_charge=2&amp;ref=3546&amp;type=
465.4370,0.0014,465.436,0.006,1100*,,,99 584.59,-,121 063.80,5s25p2(3P)6p,4S°,3/2,5s<sup>2</sup>5p<sup>2</sup>(<sup>3</sup>P)6d,4F,5/2,,,https://physics.nist.gov/cgi-bin/ASBib1/get_ASBib_ref.cgi?db=el&amp;db_id=3546&amp;comment_code=&amp;element=Te&amp;spectr_charge=2&amp;ref=3546&amp;type=
465.4370,0.0014,465.436,0.006,1100*,,,76 300.87,-,97 780.09,5s(2S)5p4(3P),4P,1/2,5s<sup>2</sup>5p<sup>2</sup>(<sup>3</sup>P)6p,2S°,1/2,,,https://physics.nist.gov/cgi-bin/ASBib1/get_ASBib_ref.cgi?db=el&amp;db_id=3546&amp;comment_code=&amp;element=Te&amp;spectr_charge=2&amp;ref=3546&amp;type=
468.6905,0.0014,468.691,0.006,1310,,,102 324.49,-,123 654.56,5s25p2(3P)6p,4P°,5/2,5s<sup>2</sup>5p<sup>2</sup>(<sup>3</sup>P)6d,4D,7/2,,,https://physics.nist.gov/cgi-bin/ASBib1/get_ASBib_ref.cgi?db=el&amp;db_id=3546&amp;comment_code=&amp;element=Te&amp;spectr_charge=2&amp;ref=3546&amp;type=
469.6382,0.0014,469.638,0.006,560,,,100 740.75,-,122 027.77,5s25p2(3P)5d,4P,3/2,5s<sup>2</sup>5p<sup>2</sup>(<sup>3</sup>P)4f,2D°,5/2,,,https://physics.nist.gov/cgi-bin/ASBib1/get_ASBib_ref.cgi?db=el&amp;db_id=3546&amp;comment_code=&amp;element=Te&amp;spectr_charge=2&amp;ref=3546&amp;type=
470.6535,0.0014,470.654,0.006,670,,,94 860.63,-,116 101.71,5s25p2(1D)6s,2D,5/2,5s<sup>2</sup>5p<sup>2</sup>(<sup>1</sup>D)6p,2P°,3/2,,,https://physics.nist.gov/cgi-bin/ASBib1/get_ASBib_ref.cgi?db=el&amp;db_id=3546&amp;comment_code=&amp;element=Te&amp;spectr_charge=2&amp;ref=3546&amp;type=
476.6055,0.0014,476.605,0.006,1300,,,101 220.97,-,122 196.84,5s25p2(3P)6p,2D°,3/2,5s<sup>2</sup>5p<sup>2</sup>(<sup>3</sup>P)6d,2F,5/2,,,https://physics.nist.gov/cgi-bin/ASBib1/get_ASBib_ref.cgi?db=el&amp;db_id=3546&amp;comment_code=&amp;element=Te&amp;spectr_charge=2&amp;ref=3546&amp;type=
477.1557,0.0014,477.155,0.006,800,,,100 112.10,-,121 063.80,5s25p2(3P)6p,4D°,5/2,5s<sup>2</sup>5p<sup>2</sup>(<sup>3</sup>P)6d,4F,5/2,,,https://physics.nist.gov/cgi-bin/ASBib1/get_ASBib_ref.cgi?db=el&amp;db_id=3546&amp;comment_code=&amp;element=Te&amp;spectr_charge=2&amp;ref=3546&amp;type=
478.4867,0.0014,478.488,0.006,510,,,95 208.37,-,116 101.71,5s25p2(1D)6s,2D,3/2,5s<sup>2</sup>5p<sup>2</sup>(<sup>1</sup>D)6p,2P°,3/2,,,https://physics.nist.gov/cgi-bin/ASBib1/get_ASBib_ref.cgi?db=el&amp;db_id=3546&amp;comment_code=&amp;element=Te&amp;spectr_charge=2&amp;ref=3546&amp;type=
482.7138,0.0014,482.712,0.007,900,,,103 935.90,-,124 646.39,5s25p2(3P)6p,4P°,3/2,5s<sup>2</sup>5p<sup>2</sup>(<sup>3</sup>P)6d,4D,5/2,,,https://physics.nist.gov/cgi-bin/ASBib1/get_ASBib_ref.cgi?db=el&amp;db_id=3546&amp;comment_code=&amp;element=Te&amp;spectr_charge=2&amp;ref=3546&amp;type=
483.1277,0.0014,483.130,0.007,1600,,,96 144.74,-,116 837.31,5s25p2(3P)6p,4D°,3/2,5s<sup>2</sup>5p<sup>2</sup>(<sup>3</sup>P)6d,4P,5/2,,,https://physics.nist.gov/cgi-bin/ASBib1/get_ASBib_ref.cgi?db=el&amp;db_id=3546&amp;comment_code=&amp;element=Te&amp;spectr_charge=2&amp;ref=3546&amp;type=
484.2895,0.0014,484.290,0.007,1000,,,102 244.60,-,122 887.62,5s25p2(3P)5d,2D,3/2,5s<sup>2</sup>5p<sup>2</sup>(<sup>3</sup>P)4f,4D°,5/2,,,https://physics.nist.gov/cgi-bin/ASBib1/get_ASBib_ref.cgi?db=el&amp;db_id=3546&amp;comment_code=&amp;element=Te&amp;spectr_charge=2&amp;ref=3546&amp;type=
486.5119,0.0014,486.513,0.007,1000,,,103 105.86,-,123 654.56,5s25p2(3P)6p,4D°,7/2,5s<sup>2</sup>5p<sup>2</sup>(<sup>3</sup>P)6d,4D,7/2,,,https://physics.nist.gov/cgi-bin/ASBib1/get_ASBib_ref.cgi?db=el&amp;db_id=3546&amp;comment_code=&amp;element=Te&amp;spectr_charge=2&amp;ref=3546&amp;type=
486.6235,0.0014,486.623,0.007,2300,,,103 105.86,-,123 649.92,5s25p2(3P)6p,4D°,7/2,5s<sup>2</sup>5p<sup>2</sup>(<sup>3</sup>P)6d,4F,9/2,,,https://physics.nist.gov/cgi-bin/ASBib1/get_ASBib_ref.cgi?db=el&amp;db_id=3546&amp;comment_code=&amp;element=Te&amp;spectr_charge=2&amp;ref=3546&amp;type=
488.5221,0.0014,,,1200,,,,,,,,,,,,,,https://physics.nist.gov/cgi-bin/ASBib1/get_ASBib_ref.cgi?db=el&amp;db_id=3546&amp;comment_code=&amp;element=Te&amp;spectr_charge=2&amp;ref=3546&amp;type=
490.4437,0.0014,490.442,0.007,1300,,,105 583.02,-,125 967.10,5s25p2(3P)6p,2D°,5/2,5s<sup>2</sup>5p<sup>2</sup>(<sup>3</sup>P)6d,2F,7/2,,,https://physics.nist.gov/cgi-bin/ASBib1/get_ASBib_ref.cgi?db=el&amp;db_id=3546&amp;comment_code=&amp;element=Te&amp;spectr_charge=2&amp;ref=3546&amp;type=
496.1885,0.0014,496.187,0.007,320,,,101 370.86,-,121 518.93,5s25p2(3P)6p,4P°,1/2,5s<sup>2</sup>5p<sup>2</sup>(<sup>3</sup>P)6d,4D,3/2,,,https://physics.nist.gov/cgi-bin/ASBib1/get_ASBib_ref.cgi?db=el&amp;db_id=3546&amp;comment_code=&amp;element=Te&amp;spectr_charge=2&amp;ref=3546&amp;type=
500.0818,0.0014,500.081,0.007,810,,,85 591.83,-,105 583.02,5s25p2(3P)6s,4P,5/2,5s<sup>2</sup>5p<sup>2</sup>(<sup>3</sup>P)6p,2D°,5/2,,,https://physics.nist.gov/cgi-bin/ASBib1/get_ASBib_ref.cgi?db=el&amp;db_id=3546&amp;comment_code=&amp;element=Te&amp;spectr_charge=2&amp;ref=3546&amp;type=
544.9838,0.0014,544.984,0.008,1400,,,85 591.83,-,103 935.90,5s25p2(3P)6s,4P,5/2,5s<sup>2</sup>5p<sup>2</sup>(<sup>3</sup>P)6p,4P°,3/2,,,https://physics.nist.gov/cgi-bin/ASBib1/get_ASBib_ref.cgi?db=el&amp;db_id=3546&amp;comment_code=&amp;element=Te&amp;spectr_charge=2&amp;ref=3546&amp;type=
548.7950,0.0014,548.795,0.009,1100,,,81 895.43,-,100 112.10,5s25p2(3P)5d,2P,3/2,5s<sup>2</sup>5p<sup>2</sup>(<sup>3</sup>P)6p,4D°,5/2,,,https://physics.nist.gov/cgi-bin/ASBib1/get_ASBib_ref.cgi?db=el&amp;db_id=3546&amp;comment_code=&amp;element=Te&amp;spectr_charge=2&amp;ref=3546&amp;type=
557.6353,0.0014,557.636,0.009,2100,,,94 860.63,-,112 788.49,5s25p2(1D)6s,2D,5/2,5s<sup>2</sup>5p<sup>2</sup>(<sup>1</sup>D)6p,2F°,7/2,,,https://physics.nist.gov/cgi-bin/ASBib1/get_ASBib_ref.cgi?db=el&amp;db_id=3546&amp;comment_code=&amp;element=Te&amp;spectr_charge=2&amp;ref=3546&amp;type=
564.9257,0.0014,564.926,0.009,1500,,,78 448.22,-,96 144.74,5s25p2(3P)6s,4P,1/2,5s<sup>2</sup>5p<sup>2</sup>(<sup>3</sup>P)6p,4D°,3/2,,,https://physics.nist.gov/cgi-bin/ASBib1/get_ASBib_ref.cgi?db=el&amp;db_id=3546&amp;comment_code=&amp;element=Te&amp;spectr_charge=2&amp;ref=3546&amp;type=
566.6199,0.0014,566.622,0.009,1200,,,83 577.41,-,101 220.97,5s25p2(3P)6s,2P,1/2,5s<sup>2</sup>5p<sup>2</sup>(<sup>3</sup>P)6p,2D°,3/2,,,https://physics.nist.gov/cgi-bin/ASBib1/get_ASBib_ref.cgi?db=el&amp;db_id=3546&amp;comment_code=&amp;element=Te&amp;spectr_charge=2&amp;ref=3546&amp;type=
570.8118,0.0014,570.812,0.009,1900,,,85 591.83,-,103 105.86,5s25p2(3P)6s,4P,5/2,5s<sup>2</sup>5p<sup>2</sup>(<sup>3</sup>P)6p,4D°,7/2,,,https://physics.nist.gov/cgi-bin/ASBib1/get_ASBib_ref.cgi?db=el&amp;db_id=3546&amp;comment_code=&amp;element=Te&amp;spectr_charge=2&amp;ref=3546&amp;type=
575.5850,0.0014,575.586,0.009,1500,,,82 743.33,-,100 112.10,5s25p2(3P)6s,4P,3/2,5s<sup>2</sup>5p<sup>2</sup>(<sup>3</sup>P)6p,4D°,5/2,,,https://physics.nist.gov/cgi-bin/ASBib1/get_ASBib_ref.cgi?db=el&amp;db_id=3546&amp;comment_code=&amp;element=Te&amp;spectr_charge=2&amp;ref=3546&amp;type=
593.6143,0.0014,593.615,0.010,730,,,82 743.33,-,99 584.59,5s25p2(3P)6s,4P,3/2,5s<sup>2</sup>5p<sup>2</sup>(<sup>3</sup>P)6p,4S°,3/2,,,https://physics.nist.gov/cgi-bin/ASBib1/get_ASBib_ref.cgi?db=el&amp;db_id=3546&amp;comment_code=&amp;element=Te&amp;spectr_charge=2&amp;ref=3546&amp;type=
597.4674,0.0014,597.468,0.010,1200,,,85 591.83,-,102 324.49,5s25p2(3P)6s,4P,5/2,5s<sup>2</sup>5p<sup>2</sup>(<sup>3</sup>P)6p,4P°,5/2,,,https://physics.nist.gov/cgi-bin/ASBib1/get_ASBib_ref.cgi?db=el&amp;db_id=3546&amp;comment_code=&amp;element=Te&amp;spectr_charge=2&amp;ref=3546&amp;type=
636.7127,0.0014,636.713,0.011,570,,,87 404.54,-,103 105.86,5s(2S)5p4(1D),2D,5/2,5s<sup>2</sup>5p<sup>2</sup>(<sup>3</sup>P)6p,4D°,7/2,,,https://physics.nist.gov/cgi-bin/ASBib1/get_ASBib_ref.cgi?db=el&amp;db_id=3546&amp;comment_code=&amp;element=Te&amp;spectr_charge=2&amp;ref=3546&amp;type=
664.858,0.003,664.853,0.013,230,,,82 743.33,-,97 780.09,5s25p2(3P)6s,4P,3/2,5s<sup>2</sup>5p<sup>2</sup>(<sup>3</sup>P)6p,2S°,1/2,,,https://physics.nist.gov/cgi-bin/ASBib1/get_ASBib_ref.cgi?db=el&amp;db_id=3546&amp;comment_code=&amp;element=Te&amp;spectr_charge=2&amp;ref=3546&amp;type=
701.606,0.018,701.595,0.014,150,,,81 895.43,-,96 144.74,5s25p2(3P)5d,2P,3/2,5s<sup>2</sup>5p<sup>2</sup>(<sup>3</sup>P)6p,4D°,3/2,,,https://physics.nist.gov/cgi-bin/ASBib1/get_ASBib_ref.cgi?db=el&amp;db_id=3546&amp;comment_code=&amp;element=Te&amp;spectr_charge=2&amp;ref=3546&amp;type=
703.913,0.018,703.898,0.014,180,,,83 577.41,-,97 780.09,5s25p2(3P)6s,2P,1/2,5s<sup>2</sup>5p<sup>2</sup>(<sup>3</sup>P)6p,2S°,1/2,,,https://physics.nist.gov/cgi-bin/ASBib1/get_ASBib_ref.cgi?db=el&amp;db_id=3546&amp;comment_code=&amp;element=Te&amp;spectr_charge=2&amp;ref=3546&amp;type=
723.662,0.018,,,200,,,,,,,,,,,,,,https://physics.nist.gov/cgi-bin/ASBib1/get_ASBib_ref.cgi?db=el&amp;db_id=3546&amp;comment_code=&amp;element=Te&amp;spectr_charge=2&amp;ref=3546&amp;type=
728.926,0.018,,,200,,,,,,,,,,,,,,https://physics.nist.gov/cgi-bin/ASBib1/get_ASBib_ref.cgi?db=el&amp;db_id=3546&amp;comment_code=&amp;element=Te&amp;spectr_charge=2&amp;ref=3546&amp;type=
744.539,0.018,744.525,0.016,180,,,92 691.51,-,106 119.20,5s25p2(3P)5d,4D,1/2,5s<sup>2</sup>5p<sup>2</sup>(<sup>3</sup>P)6p,2P°,1/2,,,https://physics.nist.gov/cgi-bin/ASBib1/get_ASBib_ref.cgi?db=el&amp;db_id=3546&amp;comment_code=&amp;element=Te&amp;spectr_charge=2&amp;ref=3546&amp;type=
746.098,0.018,746.081,0.016,180,,,88 924.81,-,102 324.49,5s25p2(3P)5d,2F,5/2,5s<sup>2</sup>5p<sup>2</sup>(<sup>3</sup>P)6p,4P°,5/2,,,https://physics.nist.gov/cgi-bin/ASBib1/get_ASBib_ref.cgi?db=el&amp;db_id=3546&amp;comment_code=&amp;element=Te&amp;spectr_charge=2&amp;ref=3546&amp;type=
746.875,0.018,,,200,,,,,,,,,,,,,,https://physics.nist.gov/cgi-bin/ASBib1/get_ASBib_ref.cgi?db=el&amp;db_id=3546&amp;comment_code=&amp;element=Te&amp;spectr_charge=2&amp;ref=3546&amp;type=
748.126,0.018,748.107,0.016,140,,,88 961.09,-,102 324.49,5s25p2(3P)6s,2P,3/2,5s<sup>2</sup>5p<sup>2</sup>(<sup>3</sup>P)6p,4P°,5/2,,,https://physics.nist.gov/cgi-bin/ASBib1/get_ASBib_ref.cgi?db=el&amp;db_id=3546&amp;comment_code=&amp;element=Te&amp;spectr_charge=2&amp;ref=3546&amp;type=
768.861,0.018,768.845,0.017,140,,,105 006.08,-,118 009.02,5s25p2(3P)6p,2P°,3/2,5s<sup>2</sup>5p<sup>2</sup>(<sup>3</sup>P)7s,2P,1/2,,,https://physics.nist.gov/cgi-bin/ASBib1/get_ASBib_ref.cgi?db=el&amp;db_id=3546&amp;comment_code=&amp;element=Te&amp;spectr_charge=2&amp;ref=3546&amp;type=
781.679,0.018,781.658,0.017,100,,,92 793.22,-,105 583.02,5s25p2(3P)5d,4D,5/2,5s<sup>2</sup>5p<sup>2</sup>(<sup>3</sup>P)6p,2D°,5/2,,,https://physics.nist.gov/cgi-bin/ASBib1/get_ASBib_ref.cgi?db=el&amp;db_id=3546&amp;comment_code=&amp;element=Te&amp;spectr_charge=2&amp;ref=3546&amp;type=
786.161,0.018,786.132,0.017,120,,,99 229.68,-,111 946.69,5s25p2(3P)5d,4P,5/2,5s<sup>2</sup>5p<sup>2</sup>(<sup>1</sup>D)6p,2D°,5/2,,,https://physics.nist.gov/cgi-bin/ASBib1/get_ASBib_ref.cgi?db=el&amp;db_id=3546&amp;comment_code=&amp;element=Te&amp;spectr_charge=2&amp;ref=3546&amp;type=
792.169,0.018,792.148,0.018,110,,,85 159.66,-,97 780.09,5s25p2(3P)5d,4F,3/2,5s<sup>2</sup>5p<sup>2</sup>(<sup>3</sup>P)6p,2S°,1/2,,,https://physics.nist.gov/cgi-bin/ASBib1/get_ASBib_ref.cgi?db=el&amp;db_id=3546&amp;comment_code=&amp;element=Te&amp;spectr_charge=2&amp;ref=3546&amp;type=
794.314,0.018,794.303,0.018,140,,,90 519.67,-,103 105.86,5s25p2(3P)5d,4F,9/2,5s<sup>2</sup>5p<sup>2</sup>(<sup>3</sup>P)6p,4D°,7/2,,,https://physics.nist.gov/cgi-bin/ASBib1/get_ASBib_ref.cgi?db=el&amp;db_id=3546&amp;comment_code=&amp;element=Te&amp;spectr_charge=2&amp;ref=3546&amp;type=
795.034,0.018,795.029,0.018,90,,,88 796.16,-,101 370.86,5s25p2(3P)5d,2P,1/2,5s<sup>2</sup>5p<sup>2</sup>(<sup>3</sup>P)6p,4P°,1/2,,,https://physics.nist.gov/cgi-bin/ASBib1/get_ASBib_ref.cgi?db=el&amp;db_id=3546&amp;comment_code=&amp;element=Te&amp;spectr_charge=2&amp;ref=3546&amp;type=
805.614,0.018,805.595,0.018,50,,,88 961.09,-,101 370.86,5s25p2(3P)6s,2P,3/2,5s<sup>2</sup>5p<sup>2</sup>(<sup>3</sup>P)6p,4P°,1/2,,,https://physics.nist.gov/cgi-bin/ASBib1/get_ASBib_ref.cgi?db=el&amp;db_id=3546&amp;comment_code=&amp;element=Te&amp;spectr_charge=2&amp;ref=3546&amp;type=
812.244,0.018,812.213,0.019,80,,,90 797.21,-,103 105.86,5s25p2(1D)5d,2F,7/2,5s<sup>2</sup>5p<sup>2</sup>(<sup>3</sup>P)6p,4D°,7/2,,,https://physics.nist.gov/cgi-bin/ASBib1/get_ASBib_ref.cgi?db=el&amp;db_id=3546&amp;comment_code=&amp;element=Te&amp;spectr_charge=2&amp;ref=3546&amp;type=
813.039,0.018,813.038,0.019,60,,,88 924.81,-,101 220.97,5s25p2(3P)5d,2F,5/2,5s<sup>2</sup>5p<sup>2</sup>(<sup>3</sup>P)6p,2D°,3/2,,,https://physics.nist.gov/cgi-bin/ASBib1/get_ASBib_ref.cgi?db=el&amp;db_id=3546&amp;comment_code=&amp;element=Te&amp;spectr_charge=2&amp;ref=3546&amp;type=
815.447,0.018,815.444,0.019,60,,,88 961.09,-,101 220.97,5s25p2(3P)6s,2P,3/2,5s<sup>2</sup>5p<sup>2</sup>(<sup>3</sup>P)6p,2D°,3/2,,,https://physics.nist.gov/cgi-bin/ASBib1/get_ASBib_ref.cgi?db=el&amp;db_id=3546&amp;comment_code=&amp;element=Te&amp;spectr_charge=2&amp;ref=3546&amp;type=
818.644,0.018,818.626,0.019,130,,,87 899.86,-,100 112.10,5s25p2(3P)5d,4F,7/2,5s<sup>2</sup>5p<sup>2</sup>(<sup>3</sup>P)6p,4D°,5/2,,,https://physics.nist.gov/cgi-bin/ASBib1/get_ASBib_ref.cgi?db=el&amp;db_id=3546&amp;comment_code=&amp;element=Te&amp;spectr_charge=2&amp;ref=3546&amp;type=
819.094,0.018,819.08,0.06,180,,,122 887.62,-,135 093.1,5s25p2(3P)4f,4D°,5/2,5s<sup>2</sup>5p<sup>2</sup>(<sup>1</sup>D)6d,2D,5/2,,,https://physics.nist.gov/cgi-bin/ASBib1/get_ASBib_ref.cgi?db=el&amp;db_id=3546&amp;comment_code=&amp;element=Te&amp;spectr_charge=2&amp;ref=3546&amp;type=
827.353,0.018,827.347,0.019,70,,,81 895.43,-,93 978.93,5s25p2(3P)5d,2P,3/2,5s<sup>2</sup>5p<sup>2</sup>(<sup>3</sup>P)6p,4D°,1/2,,,https://physics.nist.gov/cgi-bin/ASBib1/get_ASBib_ref.cgi?db=el&amp;db_id=3546&amp;comment_code=&amp;element=Te&amp;spectr_charge=2&amp;ref=3546&amp;type=
837.212,0.018,837.200,0.020,100,,,102 127.22,-,114 068.52,5s25p2(3P)5d,4P,1/2,5s<sup>2</sup>5p<sup>2</sup>(<sup>1</sup>D)6p,2P°,1/2,,,https://physics.nist.gov/cgi-bin/ASBib1/get_ASBib_ref.cgi?db=el&amp;db_id=3546&amp;comment_code=&amp;element=Te&amp;spectr_charge=2&amp;ref=3546&amp;type=
853.568,0.018,,,70,,,,,,,,,,,,,,https://physics.nist.gov/cgi-bin/ASBib1/get_ASBib_ref.cgi?db=el&amp;db_id=3546&amp;comment_code=&amp;element=Te&amp;spectr_charge=2&amp;ref=3546&amp;type=
857.578,0.018,,,80,,,,,,,,,,,,,,https://physics.nist.gov/cgi-bin/ASBib1/get_ASBib_ref.cgi?db=el&amp;db_id=3546&amp;comment_code=&amp;element=Te&amp;spectr_charge=2&amp;ref=3546&amp;type=
860.463,0.018,,,60,,,,,,,,,,,,,,https://physics.nist.gov/cgi-bin/ASBib1/get_ASBib_ref.cgi?db=el&amp;db_id=3546&amp;comment_code=&amp;element=Te&amp;spectr_charge=2&amp;ref=3546&amp;type=
862.168,0.018,,,50,,,,,,,,,,,,,,https://physics.nist.gov/cgi-bin/ASBib1/get_ASBib_ref.cgi?db=el&amp;db_id=3546&amp;comment_code=&amp;element=Te&amp;spectr_charge=2&amp;ref=3546&amp;type=
867.295,0.018,867.269,0.021,70,,,90 797.21,-,102 324.49,5s25p2(1D)5d,2F,7/2,5s<sup>2</sup>5p<sup>2</sup>(<sup>3</sup>P)6p,4P°,5/2,,,https://physics.nist.gov/cgi-bin/ASBib1/get_ASBib_ref.cgi?db=el&amp;db_id=3546&amp;comment_code=&amp;element=Te&amp;spectr_charge=2&amp;ref=3546&amp;type=
873.381,0.018,873.35,0.11,190,,,125 442.46,-,136 889.5,5s25p2(3P)4f,2D°,3/2,5s<sup>2</sup>5p<sup>2</sup>(<sup>3</sup>P)7d,2P,1/2,,,https://physics.nist.gov/cgi-bin/ASBib1/get_ASBib_ref.cgi?db=el&amp;db_id=3546&amp;comment_code=&amp;element=Te&amp;spectr_charge=2&amp;ref=3546&amp;type=
889.792,0.018,889.784,0.022,15,,,82 743.33,-,93 978.93,5s25p2(3P)6s,4P,3/2,5s<sup>2</sup>5p<sup>2</sup>(<sup>3</sup>P)6p,4D°,1/2,,,https://physics.nist.gov/cgi-bin/ASBib1/get_ASBib_ref.cgi?db=el&amp;db_id=3546&amp;comment_code=&amp;element=Te&amp;spectr_charge=2&amp;ref=3546&amp;type=
